match_id,full_name,gender
11998445,"Auger-Aliassime, Felix",M
11998446,Flavio Cobolli,M
11998447,"Martinez, Pedro",M
11998448,"Muller, Alexandre",M
11998449,"Mayot, Harold",M
11998450,"Bublik, Alexander",M
11998451,"Barrere, Gregoire",M
11998456,"Bublik, Alexander",M
11998459,"Llamas Ruiz, Pablo",M
11998666,"Imai, Shintaro",M
11998667,"Polmans, Marc",M
11998670,"Bolt, Alex",M
11998671,"Sweeny, Dane",M
11998672,"Sekulic, Philip",M
11998674,"Jones, Hayden",M
11998675,"Jasika, Omar",M
11998676,"Sweeny, Dane",M
11998772,"Krueger, Mitchell",M
11998774,"Maloney, Patrick",M
11998780,"Kozlov, Stefan",M
11998782,"Fanselow, Sebastian",M
11998783,"Kudla, Denis",M
11998784,"Trotter, James Kent",M
11998785,"Kypson, Patrick",M
11998786,"Brady, Patrick",M
11999004,"Nakashima, Brandon",M
11999005,"Otte, Oscar",M
11999007,"Rehberg, Max Hans",M
11999009,"Lamasine, Tristan",M
11999010,"Royer, Valentin",M
11999011,"Marie, Jules",M
11999012,"Damm Jr, Martin",M
11999013,"Molleker, Rudolf",M
11999014,"Damm Jr, Martin",M
11999209,"Ugo Carabelli, Camilo",M
11999210,"Feldbausch, Kilian",M
11999211,"Mager, Gianluca",M
11999212,"Lavagno, Edoardo",M
11999213,"Torres, Juan Bautista",M
11999215,"Gill, Felix",M
11999219,"Weis, Alexander",M
11999220,"Gakhov, Ivan",M
12002040,"Zhu, Lin",F
12002041,"Bai, Zhuoxuan",F
12002042,"Maria, Tatjana",F
12002043,"Wang, Yafan",F
12002044,"Putintseva, Yulia",F
12002048,"Alexandrova, Ekaterina",F
12002049,"Cocciaretto, Elisabetta",F
12002050,"Vekić, Donna",F
12002051,"Burel, Clara",F
12002052,"Boulter, Katie",F
12002053,"Bronzetti, Lucia",F
12002055,"Tauson, Clara",F
12002057,"Gálfi, Dalma",F
12002058,"Putintseva, Yulia",F
12002060,"Volynets, Katie",F
12002064,"Zhu, Lin",F
12002065,"Vekić, Donna",F
12002068,"Alexandrova, Ekaterina",F
12010829,"Monfils, Gaël",M
12010830,"Lestienne, Constant",M
12011297,"Travaglia, Stefano",M
12011301,"Harris, Lloyd",M
12011306,"Marchenko, Illya",M
12014547,"Siniakova, Katerina",F
12016976,"Andreeva, Erika",F
12017442,Middendorf Julia,F
12017453,"Zelníčková, Radka",F
12017455,"Liaonenka, Aliaksandr",M
12017458,"Pontjodikromo, Sidane",M
12017459,"Pawelski, Martyn",M
12017462,"Cervino Ruiz, Celia",F
12017463,"Ojakaar, Oliver",M
12017464,"Salkova, Dominika",F
12017465,"Waltert, Simona",F
12017468,"Ganz, Fiona",F
12017473,"Bouzas Maneiro, Jessica",F
12017480,"Vetrih, Miha",M
12017483,"Hardt, Nick",M
12017495,"Pecci, Alessandro",M
12017501,"Hoang, Antoine",M
12017504,"Osuigwe, Whitney",F
12017505,"Strakhova, Valeriya",F
12017510,"Loeb, Jamie",F
12017511,"Sieg, Madison",F
12017513,"Hu, Victoria",F
12017514,"Baptiste, Hailey",F
12017517,"Jacquemot, Elsa",F
12017520,"Albie, Audrey",F
12017522,"Serban, Raluca Georgiana",F
12017523,"Peterson, Rebecca",F
12017526,"Szostak, Marine",F
12017528,"Pfeifer, Lara",F
12017533,"Boisson, Loïs",F
12017648,"Hosogi, Sakura",F
12017656,"Hon, Priscilla",F
12018083,"Jakupovic, Dalila",F
12018812,"Hardt, Nick",M
12018833,"Zucchini, Arianna",F
12018836,"Daems, Josy",F
12018842,"Arutiunian, Erik",M
12018844,"Szajrych, Jasza",M
12018847,"Pontjodikromo, Sidane",M
12018857,"Lumsden, Ewen",M
12018899,"Schunk, Nastasja Mariana",F
12018932,"Radivojevic, Lola",F
12018933,"Khomutsianskaya, Daria",F
12018934,"Karunaratne, Adithya",F
12018937,"Spiteri, Dalila",F
12018939,"Pavlova, Kira",F
12018941,"Ezzat, Yasmin",F
12018944,"Hietaranta, Laura",F
12018945,"Wong, Hong Yi Cody",F
12019043,"Salle, Fabien",M
12019094,"Tiurnev, Evgenii",M
12019105,"Bertimon, Maxence",M
12019106,"Lanz, Mischa",M
12019658,"Romano, Filippo",M
12019673,"Roura Llaverias, Ruth",F
12019677,"Adaloglou, Magdalini",F
12019755,"Milovanovic, Elena",F
12019899,"Struplova, Julie",F
12019944,"Grey, Sarah Beth",F
12019945,"Cengiz, Berfu",F
12019949,"Avdeeva, Julia",F
12019979,"Oberleitner, Neil",M
12020048,"Montgomery, Robin",F
12020068,"Markham, Ava",F
12020069,"Hovde, Liv",F
12020071,"Ionescu, Elizabeth",F
12020072,"Fung, Stacey",F
12020073,"Chang, Sophie",F
12020074,"Osuigwe, Victoria",F
12020075,"Baptiste, Hailey",F
12020509,"Saito, Sara",F
12020510,"You, Xiaodi",F
12020513,"Kuramochi, Miho",F
12020532,"Banks, Amarni",F
12020544,"Popovic, Ivana",F
12020555,"Fourlis, Jaimee",F
12020624,"Imamura, Saki",F
12020718,"Eala, Alexandra",F
12021294,"Plunger, Manuel",M
12021309,"Turker, Mert Naci",M
12021318,"Radanović, Dejana",F
12021328,"Turati, Anna",F
12021399,"Demidova, Diana",F
12021419,"Bains, Naiktha",F
12021434,"Marcinkevica, Diana",F
12021435,"Kudermetova, Polina",F
12021442,"Perez Contri, Sergi",M
12021451,"Denolly, Corentin",M
12021493,"Tabacco, Fausto",M
12021494,"Ševčíková, Linda",F
12021502,"Gutierrez, Oscar Jose",M
12021503,"Popovic, Stefan",M
12021508,"Kellovský, Dominik",M
12021512,"Fritz, Taylor",M
12021516,"Korda, Sebastian",M
12021518,"Inoue, Hina",F
12021519,"Visker, Niels",M
12021521,"Lee, Eunhye",F
12021522,"Tsitsipas, Pavlos",M
12021530,"Ponchet, Jessika",F
12021532,"Saigo, Rina",F
12021538,"Bolkvadze, Mariam",F
12021558,"Travaglia, Stefano",M
12021562,"Aikawa, Mayuka",F
12021566,"Kuwata, Hiroko",F
12021581,"Galimardanov, Oscar",M
12021589,"Prisăcariu, Andreea",F
12021590,"Nikles, Johan",M
12021599,"Portillo Ramirez, Maria Jose",F
12021601,"Marchenko, Illya",M
12021605,"Palicova, Barbora",F
12021622,"Moroni, Gian Marco",M
12021623,"Dencheva, Rositsa",F
12021624,"Oetzbach, Adrian",M
12021658,"Fett, Jana",F
12021659,"Tabacco, Giorgio",M
12021806,"Bartone, Kamilla",F
12021807,"Gengel, Marek",M
12021848,"Klimovicova, Linda",F
12022185,"Eriksson, Sebastian",M
12022248,"Bertrand, Robin",M
12022250,"Ghazouani Durand, Yanis",M
12022251,"Barranco Cosano, Javier",M
12022262,"Munk Mortensen, Rebecca",F
12022282,"Decamps, Gabriel",M
12022295,"Kukasian, Artur",M
12022305,"Pawelski, Martyn",M
12022321,"Radivojevic, Lola",F
12022327,"Tubello, Alice",F
12022336,"Iordache, Alexandra",F
12022371,"Jorge, Francisca",F
12022396,"Pogosian, Sergei",M
12022430,"Jacquemot, Elsa",F
12022438,"Van Impe, Amelie",F
12022439,"Pfeifer, Lara",F
12022452,"Laskevich, Evialina",F
12022492,"Avdeeva, Julia",F
12022513,"Stevanović, Natalija",F
12022525,"Arutiunian, Erik",M
12022526,"Alimli, Mikail",M
12022527,"Wong, Hong Yi Cody",F
12022528,"Salkova, Dominika",F
12022562,"Miyazaki, Yuriko Lily",F
12022672,"Ferro, Fiona",F
12022674,"Hoang, Antoine",M
12022675,"Bouzas Maneiro, Jessica",F
12022680,"Romero Gormaz, Leyre",F
12022685,"Fung, Stacey",F
12022703,"Miroshnichenko, Veronica",F
12022718,"Peterson, Rebecca",F
12022727,"Hovde, Liv",F
12022801,"Wolff, Vivian",F
12022802,"Anderson, Robin",F
12023335,"Hosogi, Sakura",F
12023340,"Naito, Yuki",F
12023348,"Kriznik, Matic",M
12023350,"Dominko, Sebastian",M
12023352,"Henning, Philip",M
12023353,"van Wyk, Kris",M
12023361,"Erel, Yanki",M
12023362,"Ilkel, Cem",M
12023461,"Jakupovic, Dalila",F
12023462,"Hon, Priscilla",F
12023465,"Radanović, Dejana",F
12023470,"Joint, Maya",F
12024041,"Hurkacz, Hubert",M
12024043,"Kasnikowski, Maks",M
12024064,"Kudermetova, Polina",F
12024149,"Eala, Alexandra",F
12024232,"Nishioka, Yoshihito",M
12024235,"Watanuki, Yosuke",M
12024236,"Denolly, Corentin",M
12024243,"Vilicich, Bautista",M
12024248,"Oetzbach, Adrian",M
12024249,"Popovic, Stefan",M
12024252,"Turati, Anna",F
12024254,"Gengel, Marek",M
12024307,"Dencheva, Rositsa",F
12024308,"Barranco Cosano, Javier",M
12024356,"Visker, Niels",M
12024368,"Huesler, Marc-Andrea",M
12024386,"Gomez, Emilio",M
12024387,"Guillen Meza, Alvaro",M
12024430,"Pavlova, Kira",F
12024431,"Prisăcariu, Andreea",F
12024440,"Ponchet, Jessika",F
12024550,"Hindova, Denisa",F
12024572,"Romero Gormaz, Leyre",F
12024628,"Ovcharenko, Oleksandr",M
12024632,"Szajrych, Jasza",M
12024643,"Eubanks, Christopher",M
12024644,"Jorge, Francisca",F
12024645,"Moroni, Gian Marco",M
12024652,"Pawelski, Martyn",M
12024769,"Bouquier, Arthur",M
12024782,"Abbagnato, Anastasia",F
12024913,"Radivojevic, Lola",F
12025016,"Gasanova, Anastasia",F
12025030,"Fett, Jana",F
12025056,"Peterson, Rebecca",F
12025057,"Bouzas Maneiro, Jessica",F
12025085,"Oberleitner, Neil",M
12025144,"Appleton, Emily",F
12025672,"Erel, Yanki",M
11974053,,
11974066,,
11998445,,
11998446,,
11998447,,
11998448,,
11998449,,
11998450,,
11998451,,
11998456,,
11998459,,
11998666,,
11998667,,
11998670,,
11998671,,
11998672,,
11998674,,
11998675,,
11998676,,
11998772,,
11998774,,
11998780,,
11998782,,
11998783,,
11998784,,
11998785,,
11998786,,
11999004,,
11999005,,
11999007,,
11999009,,
11999010,,
11999011,,
11999012,,
11999013,,
11999014,,
11999209,,
11999210,,
11999211,,
11999212,,
11999213,,
11999215,,
11999219,,
11999220,,
12001976,,
12002040,,
12002041,,
12002042,,
12002043,,
12002044,,
12002048,,
12002049,,
12002050,,
12002051,,
12002052,,
12002053,,
12002055,,
12002057,,
12002058,,
12002060,,
12002064,,
12002065,,
12002068,,
12002078,,
12002109,,
12002112,,
12010829,,
12010830,,
12011297,,
12011301,,
12011306,,
12014547,,
12016976,,
12017442,,
12017453,,
12017455,,
12017458,,
12017459,,
12017462,,
12017463,,
12017464,,
12017465,,
12017468,,
12017473,,
12017477,,
12017480,,
12017483,,
12017488,,
12017495,,
12017501,,
12017504,,
12017505,,
12017506,,
12017510,,
12017511,,
12017513,,
12017514,,
12017517,,
12017520,,
12017522,,
12017523,,
12017526,,
12017528,,
12017533,,
12017539,,
12017648,,
12017656,,
12018083,,
12018812,,
12018833,,
12018836,,
12018842,,
12018844,,
12018847,,
12018849,,
12018857,,
12018899,,
12018932,,
12018933,,
12018934,,
12018937,,
12018939,,
12018941,,
12018944,,
12018945,,
12019043,,
12019094,,
12019105,,
12019106,,
12019658,,
12019672,,
12019673,,
12019677,,
12019755,,
12019899,,
12019944,,
12019945,,
12019949,,
12019979,,
12020048,,
12020068,,
12020069,,
12020070,,
12020071,,
12020072,,
12020073,,
12020074,,
12020075,,
12020509,,
12020510,,
12020513,,
12020532,,
12020544,,
12020555,,
12020624,,
12020718,,
12021294,,
12021309,,
12021318,,
12021328,,
12021399,,
12021419,,
12021434,,
12021435,,
12021442,,
12021451,,
12021493,,
12021494,,
12021502,,
12021503,,
12021508,,
12021512,,
12021516,,
12021518,,
12021519,,
12021521,,
12021522,,
12021530,,
12021532,,
12021538,,
12021539,,
12021558,,
12021562,,
12021566,,
12021581,,
12021589,,
12021590,,
12021599,,
12021601,,
12021605,,
12021622,,
12021623,,
12021624,,
12021658,,
12021659,,
12021806,,
12021807,,
12021848,,
12022185,,
12022248,,
12022250,,
12022251,,
12022262,,
12022282,,
12022295,,
12022305,,
12022321,,
12022327,,
12022336,,
12022371,,
12022396,,
12022430,,
12022438,,
12022439,,
12022452,,
12022453,,
12022492,,
12022513,,
12022525,,
12022526,,
12022527,,
12022528,,
12022562,,
12022672,,
12022674,,
12022675,,
12022680,,
12022685,,
12022703,,
12022718,,
12022727,,
12022801,,
12022802,,
12023335,,
12023340,,
12023348,,
12023350,,
12023352,,
12023353,,
12023361,,
12023362,,
12023461,,
12023462,,
12023465,,
12023470,,
12024041,,
12024043,,
12024064,,
12024149,,
12024225,,
12024232,,
12024235,,
12024236,,
12024243,,
12024248,,
12024249,,
12024252,,
12024254,,
12024307,,
12024308,,
12024356,,
12024368,,
12024386,,
12024387,,
12024430,,
12024431,,
12024440,,
12024550,,
12024572,,
12024628,,
12024632,,
12024643,,
12024644,,
12024645,,
12024652,,
12024769,,
12024782,,
12024913,,
12025016,,
12025030,,
12025056,,
12025057,,
12025085,,
12025144,,
12025672,,
12156295,"Rybakina, Elena",F
12157171,"Sinner, Jannik",M
12173700,"Martinez, Pedro",M
12173714,"Martinez, Pedro",M
12173950,"Nardi, Luca",M
12173960,"Herbert, Pierre Hugues",M
12173961,"Nardi, Luca",M
12173997,"Mpetshi Perricard, Giovanni",M
12174001,"Kudla, Denis",M
12174004,"Soto, Matias",M
12174250,"Meligeni Alves, Felipe",M
12174254,Vallejo Daniel,M
12174262,Vallejo Daniel,M
12174263,"Couacaud, Enzo",M
12174417,"Begu, Irina-Camelia",F
12174431,"Cocciaretto, Elisabetta",F
12174432,"Riera, Julia",F
12174433,"Podoroska, Nadia",F
12205253,"Hrunčákova, Viktória",F
12205348,"Collignon, Raphael",M
12205516,"Farjat, Tomas",M
12206003,"Onclin, Gauthier",M
12206038,"Ambrogi, Luciano Emanuel",M
12206039,"Valkusz, Máté",M
12206040,"Araujo, Pedro",M
12206041,"Jorda Sanchis, David",M
12206043,"Pouille, Lucas",M
12206044,"Vale, Duarte",M
12206045,"Llamas Ruiz, Pablo",M
12206046,"Estable, Julieta",F
12206048,"Elias, Gastão",M
12206051,"Choinski, Jan",M
12206066,"Miyazaki, Yuriko Lily",F
12206157,"Tona, Miriana",F
12206193,"Krueger, Mitchell",M
12206194,"Brouwer, Gijs",M
12206197,"Quinn, Ethan",M
12206198,"Ritschard, Alexander",M
12206199,"Pannu, Kiranpal",M
12206200,"Damm Jr, Martin",M
12206201,"Tabur, Clement",M
12206202,"Kozlov, Stefan",M
12206489,"Labraña, Fernanda",F
12206497,"Vickery, Sachia",F
12206498,"Chang, Sophie",F
12206499,"Hewitt, Dalayna",F
12206500,"Sebov, Katherine",F
12206501,"Li, Ann",F
12206502,"Mandlik, Elizabeth",F
12206503,"Lee, Gabriela",F
12206504,"Min, Grace",F
12206505,"Giavara, Haley",F
12206506,"Watson, Heather",F
12206507,"Fruhvirtova, Linda",F
12206508,"Sharma, Astra",F
12206509,"Perez Garcia, Maria Paulina",F
12206510,"Tan, Harmony",F
12206511,"Stollar, Fanny",F
12206512,"Rodriguez, Victoria",F
12206513,"Torres Murcia, Maria Camila",F
12206514,"Hu, Victoria",F
12206515,"Lepchenko, Varvara",F
12206516,"Kalieva, Elvina",F
12206517,"Brancaccio, Nuria",F
12206518,"Todoni, Anca Alexia",F
12206519,"You, Xiaodi",F
12206520,"Stakusic, Marina",F
12206521,"Harrison, Catherine",F
12206522,"Makarova, Ekaterina",F
12206548,"Isomura, Kokoro",M
12208925,"Visker, Niels",M
12208950,"Laskutova, Ksenia",F
12208973,"Jamrichova, Renata",F
12208979,"Ursu, Vadym",M
12209066,"Milovanovic, Elena",F
12209101,"Masabayashi, Tomohiro",M
12209103,"Ogura, Kosuke",M
12209104,"Saitoh, Keisuke",M
12209105,"Southcombe, Mattias",M
12209106,"Matsuda, Koki",M
12209107,"Matsumura, Ryotero",M
12209108,"Shin, Woobin",M
12209109,"Han, Seon Yong",M
12209110,"Kuramochi, Miho",F
12209111,"Naito, Yuki",F
12209112,"Hosogi, Sakura",F
12209113,"Wong, Hong Yi Cody",F
12209114,"Okamura, Issei",M
12209115,"Ishii, Sayaka",F
12209116,"Saigo, Rina",F
12209117,"Nakagawa, Shunsuke",M
12209118,"Tajima, Naoki",M
12209119,"Hule, Petra",F
12209120,"Imamura, Masamichi",M
12209121,"Kalina, Vit",M
12209122,"Matsuoka, Hayato",M
12209123,"Imamura, Saki",F
12209124,"Vale, Duarte",M
12209125,"Kung, Leonie",F
12209126,"Bradshaw, Jacob",M
12209128,"Buse, Ignacio",M
12209167,"Aubriot, Alexandre",M
12209242,"Hrunčákova, Viktória",F
12209299,"Fanselow, Sebastian",M
12209491,"Tona, Miriana",F
12209492,"Onclin, Gauthier",M
12209498,"Fix, David",M
12209505,"Chepik, Alexander",M
12209507,"Klintcharov, Alexander",M
12209512,"Vetrih, Miha",M
12209515,"Aksu, Cengiz",M
12209517,"Van Zijl, Twan",M
12209519,"Carnevalle, Lucio",M
12209525,"Marysko, Vincent",M
12209534,"Krznarić, Noa",F
12209538,"Bulbarella, Marina",F
12209544,"Schonenberg, Tom",M
12209546,"Faltinger, Ines",F
12209552,"Vadyala, Mansi",F
12209586,"Munar, Jaume",M
12209606,"Cavelli, Carola",F
12209607,"Bestetti, Giuliana",F
12209612,"Varul, Liisa",F
12209639,"Ilkel, Berk",M
12209641,"Biloborodko, Illia",M
12209646,"Krajci, Michal",M
12209647,"Watt, James",M
12209649,"Safonov, Aristarkh",M
12209653,"Ianin, Nikita",M
12209654,"Bass, Finn",M
12209657,"Khamis, Yusuf",M
12209659,"Agabigun, Sarp",M
12209682,"Rogers, Anna Sinclair",F
12209685,"Milatova, Sofia",F
12209686,"Morderger, Yana",F
12209687,"Wagner, Stephanie",F
12209688,"Morderger, Tayisiya",F
12209690,"Herdzelas, Dea",F
12209694,"Lovrič, Pia",F
12209695,"Tucakovic, Suana",
12209696,"Laboutková, Aneta",F
12209697,"Zelníčková, Radka",F
12209703,"Pouille, Lucas",M
12209704,"Faria, Jaime",M
12209705,"Choinski, Jan",M
12209706,"Llamas Ruiz, Pablo",M
12209710,"Thiem, Dominic",M
12209712,"Kecmanović, Miomir",M
12209736,"Vincent, Antoine",M
12209737,"Berger, Antoine",M
12209738,"Fassbender, Boris",M
12209740,"Opitz, Jannik",M
12209742,"Darras, Mayeul",M
12209744,"Lanz, Mischa",M
12209748,"Atlangeriev, Bekkhan",M
12209749,"Reveniau, Simon",M
12209750,"Colne, Nicolas",M
12209758,"Bergen, Mariia",F
12209764,"Tammaro, Mariano",M
12209765,"Oetzbach, Adrian",M
12209766,"Milev, Yanaki",M
12209767,"Pennaforti, Gabriele",M
12209768,"Gentzsch, Tom",M
12209769,"Bouquet, Lucas",M
12209770,"Iannaccone, Federico",M
12209771,"Tresca, Giuseppe",M
12209773,"Nikles, Johan",M
12209775,"Gimeno Valero, Carlos",M
12209776,"Robertson, Charlie",M
12209777,"Simonsson, Fred",M
12209781,"Karlsson Wistrand, Jack",M
12209786,"Ramirez, Evita",F
12209788,"Wang, Qiulin",M
12209795,"Collignon, Kylian",M
12209801,"Sibille, Imran",M
12209803,"Garcia, Miguel",M
12209804,"Makhlouf, Mohamed Nazim",M
12209805,"Lumsden, Ewen",M
12209807,"Waldner, Niklas",M
12209816,"Stuurman, Roland",M
12209927,"Barroso Campos, Alberto",M
12209928,"Nijboer, Ryan",M
12209929,"Merida Aguilar, Daniel",M
12209930,"Rodriguez, Sebastian",M
12209931,"Buse, Ignacio",M
12209932,"Cekirge, Kuzey",M
12209944,"Amoros Ramos, Pol",M
12209945,"Fernandez Canovas, Andres",M
12209948,"Martinez, Louroi",M
12209949,"Zusman, Richard",M
12209960,"Giustino, Lorenzo",M
12209963,"de Schepper, Kenny",M
12209964,"Kozyreva, Maria",F
12209968,"Taberner, Carlos",M
12209971,"Krumich, Martin",M
12209972,"Krutykh, Oleksii",M
12209973,"Damas, Miguel",M
12209974,"Forejtek, Jonas",M
12210001,"Diez, Steven",M
12210007,"Oradini, Giovanni",M
12210008,"Basilashvili, Nikoloz",M
12210068,"Jiménez Kasintseva, Victoria",F
12210069,"Burillo Escorihuela, Irene",F
12210070,"Quevedo, Kaitlin",F
12210071,"Selekhmeteva, Oksana",F
12210102,"Hemery, Calvin",M
12210103,"Bourgue, Mathias",M
12210105,"Blanchet, Ugo",M
12210106,"Moreno de Alboran, Nicolas",M
12210109,"Hassan, Benjamin",M
12210110,"Napolitano, Stefano",M
12210111,"Molleker, Rudolf",M
12210112,"Brouwer, Gijs",M
12210160,"Arconada, Usue Maitane",F
12210161,"Watson, Heather",F
12210263,"Cundom, Julian",M
12210264,"Ratti, Lucio",M
12210276,"Brancaccio, Nuria",F
12210277,"Kalieva, Elvina",F
12210279,"Tan, Harmony",F
12210280,"Stakusic, Marina",F
12210301,"Sharma, Astra",F
12210337,"Kozyreva, Maria",F
12210389,"Ritschard, Alexander",M
12210390,"Ccuno , Romina",F
12210391,"Rodríguez, Juliana",F
12210392,"Santos, Ana Filipa",F
12210393,"Price, Gabriella",F
12210394,"Ormaechea, Paula",F
12210396,"Labraña, Fernanda",F
12210397,"Hitt, Zoe",F
12210401,"Leon, Sabastiani",F
12210402,"Zeballos, Noelia",F
12210403,"Da Cruz Mendonça, Sofia",F
12210404,"Bonardi, Berta",F
12210405,"Bohrer Martins, Carolina",F
12210412,"Holt, Brandon",M
12210414,"Ambrogi, Luciano Emanuel",M
12210415,"Todoni, Anca Alexia",F
12210416,"You, Xiaodi",F
12210417,"Uchida, Kaichi",M
12210418,"Leite, Wilson",M
12210419,"Huertas del Pino, Conner",M
12210420,"Fruhvirtova, Linda",F
12210421,"Li, Ann",F
12210422,"Ingildsen, Johannes",M
12210423,"Pereira, Jose",M
12210424,"Roncadelli, Franco",M
12210425,"Justo, Guido Ivan",M
12210426,"Prado Angelo, Juan Carlos",M
12210427,"Almeida, Joaquim",M
12210428,"Carou, Ignacio",M
12210429,"Britto, Luis",M
12210430,"Barreiros Reyes, Mateo",M
12210498,"de Loore, Joris",M
12210860,"Vickery, Sachia",F
12210880,"Cid Subervi, Roberto",M
12210881,"Mena, Facundo",M
12210882,"Langmo, Christian",M
12210883,"Glinka, Daniil",M
12210884,"Ejupovic, Elmar",M
12210885,"Pichler, David",M
12210886,"Ayeni, Alafia",M
12210887,"Artnak, Bor",M
12210889,"Zhu, Evan",M
12210890,"Chappell, Nick",M
12210911,"Wu, Yibing",M
12211254,"Klintcharov, Alexander",M
12211321,"Matsuda, Koki",M
12211322,"Imamura, Saki",F
12211323,"Ogura, Kosuke",M
12211324,"Wong, Hong Yi Cody",F
12211325,"Saitoh, Keisuke",M
12211326,"Kuramochi, Miho",F
12211327,"Yamanaka, Taiyo",M
12211328,"Tajima, Naoki",M
12211329,"Shin, Woobin",M
12211330,"Saigo, Rina",F
12211331,"Naito, Yuki",F
12211332,"Ishii, Sayaka",F
12211333,"Matsuoka, Hayato",M
12211334,"Imamura, Masamichi",M
12211335,"Hule, Petra",F
12211337,"Hosogi, Sakura",F
12211394,"Miedler, Lucas",M
12211398,"Liauw A Fong, Noa",F
12211418,"Perez Contri, Sergi",M
12211452,"Oetzbach, Adrian",M
12211453,"Iannaccone, Federico",M
12211485,"Collins, Ali",F
12211538,"De Vincentis, Matteo",M
12211548,"Fix, David",M
12211552,"Aksu, Cengiz",M
12211555,"Kelm, Yannik",M
12211556,"Faltinger, Ines",F
12211561,"Baidaulet, Dana",F
12211562,"Vetrih, Miha",M
12211566,"Klintcharov, Alexander",M
12211569,"Verbin, Pavel",M
12211573,"Marysko, Vincent",M
12211577,"Bataljin, Lawrence",M
12211597,"Herdzelas, Dea",F
12211598,"Lovrič, Pia",F
12211599,"Zelníčková, Radka",F
12211600,"Rogers, Anna Sinclair",F
12211601,"Morderger, Tayisiya",F
12211602,"Wagner, Stephanie",F
12211603,"Morderger, Yana",F
12211604,"Milatova, Sofia",F
12211700,"Guerrieri, Andrea",M
12211764,"Milev, Yanaki",M
12211765,"Pennaforti, Gabriele",M
12211768,"Bestetti, Giuliana",F
12211771,"Varul, Liisa",F
12211772,"Mikhaylova, Victoria",F
12211773,"Drozd, Maya",F
12211774,"Iordache, Alexandra",F
12211776,"Milanese, Sara",F
12211777,"Kalamaris, Georgia",F
12211778,"Hutchinson, Holly",F
12211779,"Tyler, Joe",M
12211781,"Marti, Yann",M
12211782,"Agabigun, Sarp",M
12211784,"Safonov, Aristarkh",M
12211788,"Biloborodko, Illia",M
12211790,"Hilderbrand, Trey",M
12211791,"Ianin, Nikita",M
12211792,"Krajci, Michal",M
12211793,"Ibrahim, Karim",M
12211794,"Zusman, Richard",M
12211797,"Mansilla Diez, Mario",M
12211798,"Cekirge, Kuzey",M
12211804,"Fernandez Canovas, Andres",M
12211807,"Martinez, Louroi",M
12211900,"Roveri Sidney, Gabriel",M
12211901,"Giustino, Lorenzo",M
12211902,"Krutykh, Oleksii",M
12211903,"Moreno de Alboran, Nicolas",M
12211904,"Miedler, Lucas",M
12211923,"Chiesa, Enola",F
12211924,"Delai, Melania",F
12211925,"Ferrara, Virginia",F
12211927,"Lavino, Irene",F
12211930,"Dessolis, Barbara",F
12211932,"Corley, Ivana",F
12211934,"Corley, Carmen",F
12211938,"Brack, Caroline",F
12211945,"Gola, Andrea",M
12211947,"Iamachkine, Anastasia",F
12211948,"Alvisi, Eleonora",F
12211951,"Carbonaro, Giulia",F
12211967,"Opitz, Jannik",M
12211968,"Berger, Antoine",M
12211969,"Colne, Nicolas",M
12211970,"Atlangeriev, Bekkhan",M
12211971,"Reveniau, Simon",M
12211972,"Lanz, Mischa",M
12211982,"Ramirez, Evita",F
12211983,"Wang, Qiulin",M
12211985,"Sibille, Imran",M
12211990,"Shebekina, Elizaveta",F
12211991,"Collignon, Kylian",M
12211992,"Rakotomalala, Maneva",F
12211997,"Lumsden, Ewen",M
12211998,"Karlsson Wistrand, Jack",M
12211999,"Pierre, Hugo",M
12212002,"Lipiec, Xenia",F
12212003,"Malaescu, Daria Stefania",F
12212004,"Makhlouf, Mohamed Nazim",M
12212009,"Fassbender, Boris",M
12212011,"Molleker, Rudolf",M
12212014,"Patil, Sonal",F
12212015,"Simonsson, Fred",M
12212022,"Battesti, Alice",F
12212023,"Gimeno Valero, Carlos",M
12212025,"Iila, Elisabeth",F
12212026,"Koussenkova, Valeria",F
12212033,"Justo, Guido Ivan",M
12212034,"Saraiva dos Santos, Paulo André",M
12212068,"Hassan, Benjamin",M
12212076,"Jiménez Kasintseva, Victoria",F
12212077,"Masarova, Rebeka",F
12212078,"Dodin, Océane",F
12212080,"Jeanjean, Léolia",F
12212087,"Bejlek, Sára",F
12212106,"Hitt, Zoe",F
12212107,"Gulin, Georgia",F
12212127,"Bonardi, Berta",F
12212203,"Romano, Gino",M
12212204,"De Dios, Felipe",M
12212205,"Ratti, Lucio",M
12212207,"Ribero, Franco",M
12212212,"Derdoy, Felipe",M
12212215,"Simonit, Ezequiel",M
12212216,"Doria, Luciano",M
12213156,"Soriano Barrera, Adria",M
12213412,"Taberner, Carlos",M
12213458,"Simonsson, Fred",M
12213459,"Lumsden, Ewen",M
12156295,,
12157171,,
12173700,,
12173714,,
12173950,,
12173960,,
12173961,,
12173997,,
12174001,,
12174004,,
12174250,,
12174254,,
12174262,,
12174263,,
12174392,,
12174393,,
12174397,,
12174417,,
12174431,,
12174432,,
12174433,,
12205253,,
12205348,,
12205516,,
12206003,,
12206038,,
12206039,,
12206040,,
12206041,,
12206043,,
12206044,,
12206045,,
12206046,,
12206048,,
12206051,,
12206066,,
12206157,,
12206193,,
12206194,,
12206197,,
12206198,,
12206199,,
12206200,,
12206201,,
12206202,,
12206489,,
12206497,,
12206498,,
12206499,,
12206500,,
12206501,,
12206502,,
12206503,,
12206504,,
12206505,,
12206506,,
12206507,,
12206508,,
12206509,,
12206510,,
12206511,,
12206512,,
12206513,,
12206514,,
12206515,,
12206516,,
12206517,,
12206518,,
12206519,,
12206520,,
12206521,,
12206522,,
12206548,,
12208925,,
12208950,,
12208973,,
12208979,,
12209066,,
12209100,,
12209101,,
12209102,,
12209103,,
12209104,,
12209105,,
12209106,,
12209107,,
12209108,,
12209109,,
12209110,,
12209111,,
12209112,,
12209113,,
12209114,,
12209115,,
12209116,,
12209117,,
12209118,,
12209119,,
12209120,,
12209121,,
12209122,,
12209123,,
12209124,,
12209125,,
12209126,,
12209128,,
12209167,,
12209242,,
12209299,,
12209491,,
12209492,,
12209493,,
12209494,,
12209495,,
12209496,,
12209497,,
12209498,,
12209499,,
12209500,,
12209501,,
12209502,,
12209503,,
12209504,,
12209505,,
12209506,,
12209507,,
12209508,,
12209509,,
12209510,,
12209511,,
12209512,,
12209513,,
12209514,,
12209515,,
12209516,,
12209517,,
12209518,,
12209519,,
12209520,,
12209521,,
12209522,,
12209523,,
12209524,,
12209525,,
12209526,,
12209527,,
12209528,,
12209529,,
12209530,,
12209531,,
12209532,,
12209533,,
12209534,,
12209535,,
12209536,,
12209537,,
12209538,,
12209539,,
12209540,,
12209541,,
12209542,,
12209543,,
12209544,,
12209545,,
12209546,,
12209547,,
12209548,,
12209549,,
12209550,,
12209551,,
12209552,,
12209553,,
12209554,,
12209555,,
12209556,,
12209557,,
12209558,,
12209559,,
12209560,,
12209561,,
12209586,,
12209602,,
12209603,,
12209604,,
12209605,,
12209606,,
12209607,,
12209608,,
12209609,,
12209610,,
12209611,,
12209612,,
12209613,,
12209614,,
12209615,,
12209616,,
12209617,,
12209618,,
12209619,,
12209620,,
12209621,,
12209622,,
12209623,,
12209624,,
12209625,,
12209626,,
12209627,,
12209628,,
12209629,,
12209630,,
12209631,,
12209632,,
12209638,,
12209639,,
12209640,,
12209641,,
12209642,,
12209643,,
12209644,,
12209645,,
12209646,,
12209647,,
12209648,,
12209649,,
12209650,,
12209651,,
12209652,,
12209653,,
12209654,,
12209655,,
12209656,,
12209657,,
12209659,,
12209660,,
12209682,,
12209683,,
12209684,,
12209685,,
12209686,,
12209687,,
12209688,,
12209689,,
12209690,,
12209691,,
12209692,,
12209693,,
12209694,,
12209695,,
12209696,,
12209697,,
12209703,,
12209704,,
12209705,,
12209706,,
12209710,,
12209712,,
12209715,,
12209716,,
12209717,,
12209718,,
12209719,,
12209720,,
12209721,,
12209722,,
12209723,,
12209724,,
12209725,,
12209726,,
12209727,,
12209728,,
12209729,,
12209730,,
12209731,,
12209732,,
12209733,,
12209734,,
12209735,,
12209736,,
12209737,,
12209738,,
12209739,,
12209740,,
12209741,,
12209742,,
12209743,,
12209744,,
12209745,,
12209746,,
12209747,,
12209748,,
12209749,,
12209750,,
12209751,,
12209756,,
12209757,,
12209758,,
12209759,,
12209760,,
12209761,,
12209762,,
12209763,,
12209764,,
12209765,,
12209766,,
12209767,,
12209768,,
12209769,,
12209770,,
12209771,,
12209772,,
12209773,,
12209774,,
12209775,,
12209776,,
12209777,,
12209778,,
12209779,,
12209780,,
12209781,,
12209782,,
12209783,,
12209784,,
12209785,,
12209786,,
12209787,,
12209788,,
12209789,,
12209790,,
12209791,,
12209792,,
12209793,,
12209794,,
12209795,,
12209796,,
12209797,,
12209798,,
12209799,,
12209800,,
12209801,,
12209802,,
12209803,,
12209804,,
12209805,,
12209806,,
12209807,,
12209808,,
12209809,,
12209810,,
12209811,,
12209812,,
12209813,,
12209814,,
12209815,,
12209816,,
12209817,,
12209818,,
12209927,,
12209928,,
12209929,,
12209930,,
12209931,,
12209932,,
12209933,,
12209934,,
12209935,,
12209936,,
12209937,,
12209938,,
12209939,,
12209940,,
12209941,,
12209942,,
12209943,,
12209944,,
12209945,,
12209946,,
12209947,,
12209948,,
12209949,,
12209950,,
12209951,,
12209952,,
12209953,,
12209954,,
12209955,,
12209956,,
12209957,,
12209958,,
12209959,,
12209960,,
12209961,,
12209962,,
12209963,,
12209964,,
12209965,,
12209968,,
12209970,,
12209971,,
12209972,,
12209973,,
12209974,,
12210001,,
12210007,,
12210008,,
12210068,,
12210069,,
12210070,,
12210071,,
12210101,,
12210102,,
12210103,,
12210105,,
12210106,,
12210109,,
12210110,,
12210111,,
12210112,,
12210160,,
12210161,,
12210252,,
12210253,,
12210254,,
12210255,,
12210256,,
12210257,,
12210258,,
12210259,,
12210260,,
12210261,,
12210262,,
12210263,,
12210264,,
12210266,,
12210267,,
12210268,,
12210276,,
12210277,,
12210279,,
12210280,,
12210301,,
12210337,,
12210389,,
12210390,,
12210391,,
12210392,,
12210393,,
12210394,,
12210395,,
12210396,,
12210397,,
12210398,,
12210399,,
12210400,,
12210401,,
12210402,,
12210403,,
12210404,,
12210405,,
12210412,,
12210414,,
12210415,,
12210416,,
12210417,,
12210418,,
12210419,,
12210420,,
12210421,,
12210422,,
12210423,,
12210424,,
12210425,,
12210426,,
12210427,,
12210428,,
12210429,,
12210430,,
12210498,,
12210860,,
12210870,,
12210879,,
12210880,,
12210881,,
12210882,,
12210883,,
12210884,,
12210885,,
12210886,,
12210887,,
12210888,,
12210889,,
12210890,,
12210911,,
12211254,,
12211255,,
12211320,,
12211321,,
12211322,,
12211323,,
12211324,,
12211325,,
12211326,,
12211327,,
12211328,,
12211329,,
12211330,,
12211331,,
12211332,,
12211333,,
12211334,,
12211335,,
12211337,,
12211380,,
12211394,,
12211395,,
12211396,,
12211397,,
12211398,,
12211399,,
12211400,,
12211401,,
12211402,,
12211418,,
12211452,,
12211453,,
12211485,,
12211486,,
12211487,,
12211523,,
12211524,,
12211525,,
12211526,,
12211527,,
12211528,,
12211529,,
12211530,,
12211531,,
12211532,,
12211533,,
12211534,,
12211535,,
12211536,,
12211537,,
12211538,,
12211539,,
12211540,,
12211541,,
12211542,,
12211543,,
12211547,,
12211548,,
12211550,,
12211551,,
12211552,,
12211553,,
12211554,,
12211555,,
12211556,,
12211557,,
12211558,,
12211559,,
12211560,,
12211561,,
12211562,,
12211563,,
12211564,,
12211565,,
12211566,,
12211567,,
12211568,,
12211569,,
12211570,,
12211571,,
12211572,,
12211573,,
12211574,,
12211575,,
12211576,,
12211577,,
12211578,,
12211579,,
12211597,,
12211598,,
12211599,,
12211600,,
12211601,,
12211602,,
12211603,,
12211604,,
12211663,,
12211700,,
12211764,,
12211765,,
12211767,,
12211768,,
12211769,,
12211770,,
12211771,,
12211772,,
12211773,,
12211774,,
12211775,,
12211776,,
12211777,,
12211778,,
12211779,,
12211780,,
12211781,,
12211782,,
12211783,,
12211784,,
12211785,,
12211786,,
12211787,,
12211788,,
12211789,,
12211790,,
12211791,,
12211792,,
12211793,,
12211794,,
12211795,,
12211796,,
12211797,,
12211798,,
12211799,,
12211800,,
12211801,,
12211802,,
12211803,,
12211804,,
12211805,,
12211806,,
12211807,,
12211808,,
12211809,,
12211877,,
12211900,,
12211901,,
12211902,,
12211903,,
12211904,,
12211921,,
12211922,,
12211923,,
12211924,,
12211925,,
12211927,,
12211928,,
12211930,,
12211931,,
12211932,,
12211933,,
12211934,,
12211936,,
12211937,,
12211938,,
12211939,,
12211940,,
12211942,,
12211943,,
12211945,,
12211947,,
12211948,,
12211949,,
12211950,,
12211951,,
12211952,,
12211967,,
12211968,,
12211969,,
12211970,,
12211971,,
12211972,,
12211978,,
12211979,,
12211980,,
12211981,,
12211982,,
12211983,,
12211984,,
12211985,,
12211986,,
12211987,,
12211988,,
12211989,,
12211990,,
12211991,,
12211992,,
12211993,,
12211994,,
12211995,,
12211996,,
12211997,,
12211998,,
12211999,,
12212000,,
12212001,,
12212002,,
12212003,,
12212004,,
12212009,,
12212011,,
12212014,,
12212015,,
12212019,,
12212020,,
12212021,,
12212022,,
12212023,,
12212024,,
12212025,,
12212026,,
12212033,,
12212034,,
12212068,,
12212076,,
12212077,,
12212078,,
12212080,,
12212087,,
12212106,,
12212107,,
12212127,,
12212201,,
12212202,,
12212203,,
12212204,,
12212205,,
12212206,,
12212207,,
12212208,,
12212209,,
12212210,,
12212211,,
12212212,,
12212213,,
12212214,,
12212215,,
12212216,,
12213156,,
12213192,,
12213206,,
12213412,,
12213458,,
12213459,,
12213460,,
12213482,,
12213483,,
12213484,,
12213486,,
12213803,,
11998445,"Cazaux, Arthur",M
11998446,"Lestienne, Constant",M
11998447,"Ćorić, Borna",M
11998448,"Mmoh, Michael",M
11998449,"Paire, Benoit",M
11998450,"Shapovalov, Denis",M
11998451,"Shevchenko, Alexander",M
11998456,"Shevchenko, Alexander",M
11998459,"Rune, Holger",M
11998666,"Saville, Luke",M
11998667,"Uchiyama, Yasutaka",M
11998670,"Moriya, Hiroki",M
11998671,"Jasika, Omar",M
11998672,"Imai, Shintaro",M
11998674,"Saville, Luke",M
11998675,"Hijikata, Rinky",M
11998676,"Noguchi, Rio",M
11998772,"Vandecasteele, Quinn",M
11998774,"Duckworth, James",M
11998780,"Quinn, Ethan",M
11998782,"Sandgren, Tennys",M
11998783,"Rubin, Noah",M
11998784,"Kwiatkowski, Thai-Son",M
11998785,"Cassone, Murphy",M
11998786,"Nava, Emilio",M
11999004,"Krajinović, Filip",M
11999005,"Naw, Hazem",M
11999007,"Jorda Sanchis, David",M
11999009,"Kolar, Zdenek",M
11999010,"Rodionov, Jurij",M
11999011,"Travaglia, Stefano",M
11999012,"Kukushkin, Mikhail",M
11999013,"Blockx, Alexander",M
11999014,"Travaglia, Stefano",M
11999209,"Alves, Mateus",M
11999210,"Stodder, Timo",M
11999211,"Casanova, Hernan",M
11999212,"Pucinelli de Almeida, Matheus",M
11999213,"Coria, Federico",M
11999215,"Cecchinato, Marco",M
11999219,"Dutra da Silva, Daniel",M
11999220,"Campana Lee, Gerard",M
12002040,"Fruhvirtova, Linda",F
12002041,"Rodionova, Arina",F
12002042,"Volynets, Katie",F
12002043,"Schmiedlova, Anna-Karolina",F
12002044,"Golubic, Viktorija",F
12002048,"Niemeier, Jule",F
12002049,"Potapova, Anastasia",F
12002050,"Yastremska, Dayana",F
12002051,"Siniakova, Katerina",F
12002052,"Pavlyuchenkova, Anastasia",F
12002053,"Mertens, Elise",F
12002055,"Ostapenko, Jelena",F
12002057,"Shnaider, Diana",F
12002058,"Wang, Xinyu",F
12002060,"Wang, Yafan",F
12002064,"Rodionova, Arina",F
12002065,"Burel, Clara",F
12002068,"Potapova, Anastasia",F
12010829,Flavio Cobolli,M
12010830,"Zapata Miralles, Bernabe",M
12011297,"Choinski, Jan",M
12011301,"Otte, Oscar",M
12011306,"Passaro, Francesco",M
12014547,"Martic, Petra",F
12016976,"Yastremska, Dayana",F
12017442,"Abbagnato, Anastasia",F
12017453,"Bulgaru, Miriam Bianca",F
12017455,"Zgirovsky, Alexander",M
12017458,"Szajrych, Jasza",M
12017459,"Lopez, Noah",M
12017462,"Radišić, Nika",F
12017463,"Giacomini, Luca",M
12017464,"Kuhl, Carolina",F
12017465,"Jorge, Francisca",F
12017468,"Hindova, Denisa",F
12017473,"Bartůňková, Nikola",F
12017477,"Hamaliy, Elizabet",F
12017480,"Martinez Martinez, Jorge",M
12017488,"Decamps, Gabriel",M
12017495,"Zuk, Kacper",M
12017501,"Delage, Pierre",M
12017504,"Carlé, María Lourdes",F
12017505,"Costoulas, Sofia",F
12017506,"Alimli, Mikail",M
12017510,"Miroshnichenko, Veronica",F
12017511,"Lee, Gabriela",F
12017513,"Shymanovich, Iryna",F
12017514,"Chang, Sophie",F
12017517,"Monnot , Amandine",F
12017520,"Jeanjean, Léolia",F
12017522,"Tubello, Alice",F
12017523,"Robbe, Alice",F
12017526,"Miyazaki, Yuriko Lily",F
12017528,"Bechri, Chiraz",F
12017533,"Dodin, Océane",F
12017539,"Makhlouf, Mohamed Nazim",M
12017648,"Fetecău, Irina",F
12017656,"Hule, Petra",F
12018083,"Yamaguchi, Mei",F
12018833,"Hrdinkova, Denise",F
12018836,"Samsonova, Laura",F
12018842,"Habib, Ali",M
12018844,"Summers, Matthew",M
12018849,"Pogosian, Sergei",M
12018857,"Vilicich, Bautista",M
12018899,"Hercog, Polona",F
12018932,"Ruggeri, Jennifer",F
12018933,"Herdzelas, Dea",F
12018934,"Waligora, Amelia",F
12018937,"Laskevich, Evialina",F
12018939,"Mansouri, Yasmine",F
12018941,"Kan, Victoria",F
12018944,"Van Impe, Amelie",F
12018945,"Fedorova, Aglaya",F
12019043,"Jones, Ben",M
12019094,"Negritu, Christoph",M
12019105,"Klok, Denys",M
12019106,"Bouquier, Arthur",M
12019658,"Jong, Alexander Maarten",M
12019672,"Gavrilă, Oana",F
12019673,"Balus, Irina",F
12019677,"Munk Mortensen, Rebecca",F
12019755,"Falei, Aliona",F
12019899,"Šrámková, Rebecca",F
12019944,"Kempen, Magali",F
12019945,"Appleton, Emily",F
12019949,"Ghioroaie, Ylona-Georgiana",F
12019979,"Vylegzhanin, Nikolay",M
12020048,"Chirico, Louisa",F
12020068,"Chirico, Louisa",F
12020069,"Hewitt, Dalayna",F
12020070,"Shymanovich, Iryna",F
12020071,"Li, Ann",F
12020073,"Lemaître, Tiphanie",F
12020074,"Hu, Victoria",F
12020075,"Daavettila, Sara",F
12020509,"Aiava, Destanee",F
12020510,"Naito, Yuki",F
12020513,"Shibahara, Ena",F
12020532,"Ito, Aoi",F
12020544,"Sawangkaew, Mananchaya",F
12020555,"Joint, Maya",F
12020624,"Semenistaja, Darja",F
12020718,"Yashina, Ekaterina",F
12021294,"Gea, Arthur",M
12021309,"Erhard, Mathys",M
12021318,"Sato, Naho",F
12021328,"Mi, Tianmi",F
12021399,"Toth, Amarissa Kiara",F
12021419,"Monnet, Carole",F
12021434,"Shimizu, Eri",F
12021435,"Ozeki, Michika",F
12021442,"Ovcharenko, Oleksandr",M
12021451,"Brigida, Omar",M
12021493,"Simakin, Ilia",M
12021494,"Zolotareva, Anastasia",F
12021502,"Cadenasso, Gianluca",M
12021503,"Polukhin, Savva",M
12021508,"Merida Aguilar, Daniel",M
12021512,"Bielinskyi, Viacheslav",M
12021516,"Krutykh, Oleksii",M
12021518,"Komano, Margaux",F
12021519,"Zhukov, Maxim",M
12021521,"Stagno, Beatrice",F
12021522,Perfetti Noah,M
12021530,"Rouvroy, Margaux",F
12021532,"Todoni, Anca Alexia",F
12021538,"Shalimova, Ekaterina",F
12021539,"Iannaccone, Federico",M
12021558,"Agamenone, Franco",M
12021562,"Zhiyenbayeva, Sonja",F
12021566,"Kawagishi, Nana",F
12021581,"Sharipov, Marat",M
12021589,"Jaskova, Anika",F
12021590,"Hamza Reguig, Samir",M
12021599,"Safta, Anastasia",F
12021601,"Jorda Sanchis, David",M
12021605,"Martincova, Tereza",F
12021622,"Marino, Pietro",M
12021623,"El Aouni, Aya",F
12021624,"Salomone, Federico",M
12021658,"Erjavec, Veronika",F
12021659,"Kudriashov, Igor",M
12021806,"Pridankina, Elena",F
12021807,"Donders, Dax",M
12021848,"Gasanova, Anastasia",F
12022185,"Zhu, Michael",M
12022248,"Agafonov, Egor",M
12022250,"Kivattsev, Kirill",M
12022262,"Smejkalova, Amelie",F
12022282,"Serafini, Marcello",M
12022295,"Parker, Stuart",M
12022305,"Whitehouse, Mark",M
12022321,"Kan, Victoria",F
12022327,"Öz, İpek",F
12022336,"Roura Llaverias, Ruth",F
12022371,"Radišić, Nika",F
12022396,"Khamis, Yusuf",M
12022430,"Curmi, Francesca",F
12022438,"Maristany Zuleta De Reales, Guiomar",F
12022452,"Pavlova, Kira",F
12022453,"Berrettini, Jacopo",M
12022492,"Dodin, Océane",F
12022513,"Abbagnato, Anastasia",F
12022525,"Liaonenka, Aliaksandr",M
12022526,"Pecci, Alessandro",M
12022527,"Khomutsianskaya, Daria",F
12022528,"Bulgaru, Miriam Bianca",F
12022562,"Albie, Audrey",F
12022672,"Appleton, Emily",F
12022674,"Lane, Lewie",M
12022675,"Hamaliy, Elizabet",F
12022680,"Karunaratne, Adithya",F
12022685,"Sieg, Madison",F
12022703,"Kessler, McCartney",F
12022718,"Kempen, Magali",F
12022727,"Ionescu, Elizabeth",F
12022801,"Carlé, María Lourdes",F
12022802,"Strakhova, Valeriya",F
12023335,"Ito, Aoi",F
12023340,"Saito, Sara",F
12023348,"Zhang, Zhizhen",M
12023350,"Zhou, Yi",M
12023352,"Ly, Hoang Nam",M
12023353,"Trinh, Linh Giang",M
12023361,"Statham, Rubin",M
12023362,"Pannu, Kiranpal",M
12023461,"Imamura, Saki",F
12023462,"Sawangkaew, Mananchaya",F
12023465,"Monnet, Carole",F
12023470,"Shibahara, Ena",F
12024041,"Fomin, Sergey",M
12024043,"Sultanov, Khumoyun",M
12024064,"Shimizu, Eri",F
12024149,"Todoni, Anca Alexia",F
12024225,"Merida Aguilar, Daniel",M
12024232,"Habib, Hady",M
12024235,"Hassan, Benjamin",M
12024236,"Nikles, Johan",M
12024243,"Gea, Arthur",M
12024248,Perfetti Noah,M
12024249,"Erhard, Mathys",M
12024252,"Toth, Amarissa Kiara",F
12024254,"Giacomini, Luca",M
12024307,"Portillo Ramirez, Maria Jose",F
12024308,"Martinez Martinez, Jorge",M
12024356,"Sharipov, Marat",M
12024368,"Griekspoor, Tallon",M
12024386,"Asrawy, Amr",M
12024387,"Safwat, Mohamed",M
12024430,"Maristany Zuleta De Reales, Guiomar",F
12024431,"Aikawa, Mayuka",F
12024440,"Tubello, Alice",F
12024550,"Zolotareva, Anastasia",F
12024572,"Wong, Hong Yi Cody",F
12024628,"Klok, Denys",M
12024632,"Liaonenka, Aliaksandr",M
12024643,"Bielinskyi, Viacheslav",M
12024644,"Salkova, Dominika",F
12024645,"Gutierrez, Oscar Jose",M
12024652,"Pogosian, Sergei",M
12024769,"Ghazouani Durand, Yanis",M
12024782,"Šrámková, Rebecca",F
12024913,"Pridankina, Elena",F
12025016,"Bolkvadze, Mariam",F
12025030,"Falei, Aliona",F
12025056,"Martincova, Tereza",F
12025057,"Hercog, Polona",F
12025085,"Serafini, Marcello",M
12025144,"Miyazaki, Yuriko Lily",F
12025672,"Rai, Ajeet",M
11974053,,
11974066,,
11998445,,
11998446,,
11998447,,
11998448,,
11998449,,
11998450,,
11998451,,
11998456,,
11998459,,
11998666,,
11998667,,
11998670,,
11998671,,
11998672,,
11998674,,
11998675,,
11998676,,
11998772,,
11998774,,
11998780,,
11998782,,
11998783,,
11998784,,
11998785,,
11998786,,
11999004,,
11999005,,
11999007,,
11999009,,
11999010,,
11999011,,
11999012,,
11999013,,
11999014,,
11999209,,
11999210,,
11999211,,
11999212,,
11999213,,
11999215,,
11999219,,
11999220,,
12001976,,
12002040,,
12002041,,
12002042,,
12002043,,
12002044,,
12002048,,
12002049,,
12002050,,
12002051,,
12002052,,
12002053,,
12002055,,
12002057,,
12002058,,
12002060,,
12002064,,
12002065,,
12002068,,
12002078,,
12002109,,
12002112,,
12010829,,
12010830,,
12011297,,
12011301,,
12011306,,
12014547,,
12016976,,
12017442,,
12017453,,
12017455,,
12017458,,
12017459,,
12017462,,
12017463,,
12017464,,
12017465,,
12017468,,
12017473,,
12017477,,
12017480,,
12017483,,
12017488,,
12017495,,
12017501,,
12017504,,
12017505,,
12017506,,
12017510,,
12017511,,
12017513,,
12017514,,
12017517,,
12017520,,
12017522,,
12017523,,
12017526,,
12017528,,
12017533,,
12017539,,
12017648,,
12017656,,
12018083,,
12018812,,
12018833,,
12018836,,
12018842,,
12018844,,
12018847,,
12018849,,
12018857,,
12018899,,
12018932,,
12018933,,
12018934,,
12018937,,
12018939,,
12018941,,
12018944,,
12018945,,
12019043,,
12019094,,
12019105,,
12019106,,
12019658,,
12019672,,
12019673,,
12019677,,
12019755,,
12019899,,
12019944,,
12019945,,
12019949,,
12019979,,
12020048,,
12020068,,
12020069,,
12020070,,
12020071,,
12020072,,
12020073,,
12020074,,
12020075,,
12020509,,
12020510,,
12020513,,
12020532,,
12020544,,
12020555,,
12020624,,
12020718,,
12021294,,
12021309,,
12021318,,
12021328,,
12021399,,
12021419,,
12021434,,
12021435,,
12021442,,
12021451,,
12021493,,
12021494,,
12021502,,
12021503,,
12021508,,
12021512,,
12021516,,
12021518,,
12021519,,
12021521,,
12021522,,
12021530,,
12021532,,
12021538,,
12021539,,
12021558,,
12021562,,
12021566,,
12021581,,
12021589,,
12021590,,
12021599,,
12021601,,
12021605,,
12021622,,
12021623,,
12021624,,
12021658,,
12021659,,
12021806,,
12021807,,
12021848,,
12022185,,
12022248,,
12022250,,
12022251,,
12022262,,
12022282,,
12022295,,
12022305,,
12022321,,
12022327,,
12022336,,
12022371,,
12022396,,
12022430,,
12022438,,
12022439,,
12022452,,
12022453,,
12022492,,
12022513,,
12022525,,
12022526,,
12022527,,
12022528,,
12022562,,
12022672,,
12022674,,
12022675,,
12022680,,
12022685,,
12022703,,
12022718,,
12022727,,
12022801,,
12022802,,
12023335,,
12023340,,
12023348,,
12023350,,
12023352,,
12023353,,
12023361,,
12023362,,
12023461,,
12023462,,
12023465,,
12023470,,
12024041,,
12024043,,
12024064,,
12024149,,
12024225,,
12024232,,
12024235,,
12024236,,
12024243,,
12024248,,
12024249,,
12024252,,
12024254,,
12024307,,
12024308,,
12024356,,
12024368,,
12024386,,
12024387,,
12024430,,
12024431,,
12024440,,
12024550,,
12024572,,
12024628,,
12024632,,
12024643,,
12024644,,
12024645,,
12024652,,
12024769,,
12024782,,
12024913,,
12025016,,
12025030,,
12025056,,
12025057,,
12025085,,
12025144,,
12025672,,
12156295,"Collins, Danielle",F
12157171,"Dimitrov, Grigor",M
12173700,"Albot, Radu",M
12173714,"Hassan, Benjamin",M
12173950,"Passaro, Francesco",M
12173960,"Moutet, Corentin",M
12173961,"Herbert, Pierre Hugues",M
12173997,"Soto, Matias",M
12174001,"Mejia, Nicolas",M
12174004,"Mejia, Nicolas",M
12174250,"Pucinelli de Almeida, Matheus",M
12174254,"Couacaud, Enzo",M
12174262,"Meligeni Alves, Felipe",M
12174263,"Varillas, Juan Pablo",M
12174417,"Bouzas Maneiro, Jessica",F
12174431,"Podoroska, Nadia",F
12174432,"Jones, Francesca",F
12174433,"Jones, Francesca",F
12205253,"Salkova, Dominika",F
12205348,"Kachmazov, Alibek",M
12205516,"Midon, Lautaro",M
12206003,"Gadamauri, Buvaysar",M
12206038,"Monzon, Ignacio",M
12206039,"Faria, Jaime",M
12206040,"Klein, Lukas",M
12206041,"Kukushkin, Mikhail",M
12206043,"Ferreira Silva, Frederico",M
12206044,"Kopriva, Vit",M
12206045,"Vanshelboim, Eric",M
12206046,"Lodikova, Daria",F
12206048,"Gasquet, Richard",M
12206051,"Rocha, Francisco",M
12206066,"Barthel, Mona",F
12206157,"Janicijevic, Selena",F
12206193,"Diallo, Gabriel",M
12206194,"Boyer, Tristan",M
12206197,"Vacherot, Valentin",M
12206198,"Rybakov, Alex",M
12206199,"Kypson, Patrick",M
12206200,"Holt, Brandon",M
12206201,"Wu, Yibing",M
12206202,"Yevseyev, Denis",M
12206489,"Alves, Carolina",F
12206497,"Davis, Lauren",F
12206498,"Liu, Claire",F
12206499,"Gracheva, Varvara",F
12206500,"Volynets, Katie",F
12206501,"Anderson, Robin",F
12206502,"Arconada, Usue Maitane",F
12206503,"Hontama, Mai",F
12206504,"Saville, Daria",F
12206505,"Kessler, McCartney",F
12206506,"Smith, Alana",F
12206507,"Melichar-Martinez, Nicole",F
12206508,"Aney, Jessie",F
12206509,"Shymanovich, Iryna",F
12206510,"Kozarov, Katarina",F
12206511,"Jakupovic, Dalila",F
12206512,"Zavatska, Katarina",F
12206513,"Lamens, Suzan",F
12206514,"Stevanović, Natalija",F
12206515,"Zhao, Carol",F
12206516,"Kolodynska, Jana",F
12206517,"Osuigwe, Whitney",F
12206518,"Sanchez, Ana Sofia",F
12206521,"Lee, Ya-Hsuan",F
12206522,"Kozyreva, Maria",F
12206548,"Shiraishi, Hikaru",M
12208925,"Budkov Kjaer, Nicolai",M
12208950,"Ricci, Beatrice",F
12208973,"Cadar, Elena Teodora",F
12208979,"Hussey, Giles",M
12209066,"Laskevich, Evialina",F
12209100,"Vithoontien, Leo",M
12209101,"Sumizawa, Daisuke",M
12209102,"Yamasaki, Jumpei",M
12209103,"De Cuyper, Julien",M
12209104,"Charoenphon, Yuttana",M
12209106,"Suzuki, Ko",M
12209107,"Yang, Jimmy",M
12209109,"Yamanaka, Taiyo",M
12209110,"Sema, Erika",F
12209111,"Okuwaki, Rinon",F
12209112,"Matsuda, Misaki",F
12209113,"Arakawa, Natsuho",F
12209114,"Jeong, Yeongseok",M
12209115,"Miyata, Moeka",F
12209116,"Shimizu, Eri",F
12209117,"Ho, Ray",M
12209119,"Yamaguchi, Mei",F
12209121,"Liu, Hanyi",M
12209124,"Jebens, Hendrik",M
12209125,"Sakellaridi, Sapfo",F
12209126,"Butvilas, Edas",M
12209128,"Topo, Marko",M
12209167,"Bittoun Kouzmine, Constantin",M
12209242,"Savinykh, Valeria",F
12209299,"Nicod, Jakub",M
12209491,"Alves, Carolina",F
12209492,"Kachmazov, Alibek",M
12209494,"Evtimova, Dia",F
12209497,"Stojanova, Jana",F
12209498,"Lavizzari, Matteo",M
12209499,"Bataljin, Lawrence",M
12209500,"Baidaulet, Dana",F
12209501,"Kelm, Yannik",M
12209505,"Verbin, Pavel",M
12209506,"Bulat, Bianca",F
12209508,"Lyeons, Jaycer",M
12209509,"Vasa, Eero",M
12209511,"Bosio, Gabriele",M
12209517,"Zima, Leopold",M
12209523,"Zhukov, Maxim",M
12209525,"Vujic, Stefan",M
12209528,"Khoeblal, Elgin",M
12209533,"Sperle, John",M
12209534,"González Daniele, Justina",F
12209538,"Daubnerova, Nikola",F
12209540,"Grechkina, Anastasia",F
12209541,"Sandberg, Vivien",F
12209543,"Osterreicher, Mavie",F
12209553,"Suvirdjonkova, Darja",F
12209554,"Kukasian, Artur",M
12209556,"Chlpac, Agustina",F
12209586,"Van Assche, Luca",M
12209618,"D'Agostino, Stefano",M
12209620,"Tsitsipas, Pavlos",M
12209624,"Salomone, Federico",M
12209626,"Sakellaridis, Dimitris",M
12209631,"Spiridon, Denis Constantin",M
12209638,"Tyler, Joe",M
12209639,"Marti, Yann",M
12209644,"Stanke, Cedric",M
12209649,"Galimardanov, Oscar",M
12209653,"Uzhylovsky, Vladimir",M
12209654,"Ibrahim, Karim",M
12209683,"Miroshnichenko, Veronica",F
12209684,"Cengiz, Berfu",F
12209689,"Radišić, Nika",F
12209691,"Papadakis, Lena",F
12209692,Middendorf Julia,F
12209693,"Maleckova, Jesika",F
12209695,"Palicova, Barbora",F
12209696,"Pavlou , Dimitra",F
12209703,"Gasquet, Richard",M
12209704,"Klein, Lukas",M
12209705,"Vale, Duarte",M
12209706,"Jorda Sanchis, David",M
12209710,"Marterer, Maximilian",M
12209712,"Bautista Agut, Roberto",M
12209720,"Nikolenko, Tatyana",F
12209728,"Vojcinakova, Ingrid",F
12209739,"Harper, Mitchell",M
12209741,"Alujas, Rodrigo",M
12209742,"Genier, Tanguy",M
12209743,"Romano, Filippo",M
12209745,"Brosset, Samuel",M
12209746,"Deschamps, Thomas (Fra)",M
12209747,"Nagel, Arthur",M
12209751,"Namigandet Tenguere, Loic",M
12209756,"Collins, Ali",F
12209758,"Werner, Caroline",F
12209759,"Pawlak, Lucie",F
12209763,"Giessler, Elena Giovanna",F
12209764,"Rodriguez Taverna, Santiago",M
12209765,"Giacomini, Luca",M
12209766,"Andaloro, Fabrizio",M
12209767,"Beauge, Maxence",M
12209768,"Guerrieri, Andrea",M
12209769,"Gima, Sebastian",M
12209770,"Milojević, Nikola",M
12209771,"Kivattsev, Kirill",M
12209772,"Rottoli, Lorenzo",M
12209773,"Dellavedova, Matthew",M
12209774,"Picchione, Andrea",M
12209775,"Whitehouse, Mark",M
12209776,"Pierre, Hugo",M
12209779,"Delaney, Jesse",M
12209780,"Trochu, Pablo",M
12209789,"Chiu, Britney",F
12209794,"Battesti, Alice",F
12209809,"Kashyap, Himadri",F
12209811,"Gorokhov, Mikhail",M
12209927,"Perez Contri, Sergi",M
12209928,"Strombachs, Robert",M
12209929,"Soriano Barrera, Adria",M
12209931,"Gill, Felix",M
12209932,"Benzal Alia, Ignacio",M
12209935,"Bonsach Ganley, Kane",M
12209936,"Genov, Anthony",M
12209938,"Mansilla Diez, Mario",M
12209940,"Urribarrens Ramirez, Iker",M
12209943,"Caldes, Jaime",M
12209952,"Pedrico Kravtsov, Albert",M
12209957,"Dedura-Palomero, Mariano",M
12209958,"Pietri, Benjamin",M
12209960,"Lopez Montagud, Carlos",M
12209961,"Loof, Thijmen",M
12209963,"Weber, Arthur",M
12209964,"Lodikova, Daria",F
12209970,"Debru, Gabriel",M
12209971,"Martin Tiffon, Pol",M
12209973,"Wenger, Damien",M
12209974,"Topo, Marko",M
12210001,"Dalla Valle, Enrico",M
12210007,"Kasnikowski, Maks",M
12210008,"Vincent Ruggeri, Samuel",M
12210068,"Bulgaru, Miriam Bianca",F
12210069,"Sonmez, Zeynep",F
12210070,"Kawa, Katarzyna",F
12210071,"Ruse, Elena Gabriela",F
12210101,"Gigante, Matteo",M
12210102,"Goffin, David",M
12210103,"Fognini, Fabio",M
12210105,"Barrere, Gregoire",M
12210106,"Kuzmanov, Dimitar",M
12210110,"Martineau, Matteo",M
12210111,"Durasovic, Viktor",M
12210112,"Krueger, Mitchell",M
12210160,"Gracheva, Varvara",F
12210161,"Saville, Daria",F
12210257,"Derdoy, Felipe",M
12210258,"Novo, Ignacio",M
12210261,"Ribero, Franco",M
12210276,"Lamens, Suzan",F
12210277,"Zavatska, Katarina",F
12210279,"Shymanovich, Iryna",F
12210280,"Stollar, Fanny",F
12210301,"Lee, Gabriela",F
12210337,"Tona, Miriana",F
12210389,"Vacherot, Valentin",M
12210390,"Vidal, Leticia Garcia",F
12210391,"Jokic, Katarina",F
12210392,"Daniel, Jaeda",F
12210393,"Gulin, Georgia",F
12210394,"Bosio, Victoria",F
12210395,"Gavrilă, Oana",F
12210397,"Pereira, Rebeca",F
12210398,"McKenzie, Kylie",F
12210399,"Kononova, Maria",F
12210400,"Neffa De Los Rios, Ana Paula",F
12210403,"Fossa Huergo, Nicole",F
12210404,"Gomez Pezuela Cano, Marian",F
12210405,"Okalova, Martina",F
12210412,"Kypson, Patrick",M
12210414,"Midon, Lautaro",M
12210415,"Lepchenko, Varvara",F
12210416,"Stevanović, Natalija",F
12210417,"Roveri Sidney, Gabriel",M
12210418,"Saraiva dos Santos, Paulo André",M
12210419,"Dutra da Silva, Daniel",M
12210420,"Liu, Claire",F
12210421,"Volynets, Katie",F
12210422,"Rodriguez, Lorenzo Joaquin",M
12210423,"Freund, Simon",M
12210424,"Stevenson, Kelsey",M
12210426,"Gimenez, Igor",M
12210427,"Gomez, Emilio",M
12210428,"Cukierman, Daniel",M
12210429,"Ugo Carabelli, Camilo",M
12210430,"Kuzuhara, Bruno",M
12210498,"Ionel, Nicholas David",M
12210860,"Kessler, McCartney",F
12210870,"Yang, Jimmy",M
12210879,"Campana Lee, Gerard",M
12210880,"Paz, Juan Pablo",M
12210881,Alex Hernández,M
12210882,"Kaliyanda Poonacha, Niki",M
12210883,"Seggerman, Ryan",M
12210885,"Lock, Benjamin",M
12210886,"Palan, Dominik",M
12210887,"Bicknell, Blaise",M
12210888,"Mansouri, Skander",M
12210889,"Trotter, James Kent",M
12210890,"Statham, Rubin",M
12210911,"Yevseyev, Denis",M
12211321,"Jeong, Yeongseok",M
12211322,"Cabrera, Lizette",F
12211324,"Okamura, Kyoka",F
12211325,"Yang, Jimmy",M
12211326,"Kawaguchi, Natsumi",F
12211327,"Ho, Ray",M
12211328,"Sumizawa, Daisuke",M
12211329,"Liu, Hanyi",M
12211330,"Shimizu, Ayano",F
12211331,"Sato, Naho",F
12211332,"Tararudee, Lanlana",F
12211333,"Yamasaki, Jumpei",M
12211334,"Vithoontien, Leo",M
12211335,"Chong, Eudice Wong",F
12211337,"Malygina, Elena",F
12211394,"Martineau, Matteo",M
12211397,"Giordano, Maddalena",F
12211399,"Vasilyeva, Alexandra",F
12211401,"Bougrat, Maelys",F
12211402,"Atturu, Shria",F
12211418,"Debru, Gabriel",M
12211452,"Rodriguez Taverna, Santiago",M
12211453,"Picchione, Andrea",M
12211486,"Mazzoni, Juliette",F
12211487,"Mazzoni, Emma",F
12211525,"Vojcinakova, Ingrid",F
12211527,"Squarcialupi, Gaia",F
12211528,"Zhang, Ruien",F
12211532,"Mariani, Matilde",F
12211534,"Bougouffa , Hanna",F
12211536,"Baldovinetti, Guelfo",M
12211539,"Hornitschek, Nico",M
12211547,"Bulat, Bianca",F
12211553,"Zhukov, Maxim",M
12211554,"Sperle, John",M
12211556,"Vadyala, Mansi",F
12211558,"Grechkina, Anastasia",F
12211560,"Chlpac, Agustina",F
12211568,"Zima, Leopold",M
12211570,"Stojanova, Jana",F
12211571,"Lyeons, Jaycer",M
12211572,"Suvirdjonkova, Darja",F
12211574,"Bosio, Gabriele",M
12211575,"Daubnerova, Nikola",F
12211576,"Osterreicher, Mavie",F
12211577,"Kukasian, Artur",M
12211578,"Vasa, Eero",M
12211579,"Krznarić, Noa",F
12211597,Middendorf Julia,F
12211598,"Radišić, Nika",F
12211599,"Cengiz, Berfu",F
12211600,"Palicova, Barbora",F
12211601,"Miroshnichenko, Veronica",F
12211602,"Pavlou , Dimitra",F
12211603,"Maleckova, Jesika",F
12211604,"Papadakis, Lena",F
12211663,"Khoeblal, Elgin",M
12211700,"Bouquet, Lucas",M
12211764,"Kivattsev, Kirill",M
12211765,"Dellavedova, Matthew",M
12211767,"Fedorova, Aglaya",F
12211768,"Kazionova, Ekaterina",F
12211769,"Kuczer, Daria",F
12211771,"Neilson Gatenby, Talia",F
12211775,"Zelinskaya, Daria",F
12211779,"Poljak, David",M
12211780,"Jones, Ben",M
12211781,"Schachter, Noah",M
12211784,"Delage, Pierre",M
12211785,"Bar Biryukov, Petr",M
12211786,"Zakaryia, Faris",M
12211787,"Khazime, Daniel",M
12211796,"Bonsach Ganley, Kane",M
12211797,"Pedrico Kravtsov, Albert",M
12211801,"Loof, Thijmen",M
12211802,"Caldes, Jaime",M
12211806,"Genov, Anthony",M
12211808,"Urribarrens Ramirez, Iker",M
12211809,"Dedura-Palomero, Mariano",M
12211877,"Vrancken Peeters, Anouck",F
12211900,"Gomez, Emilio",M
12211901,"Weber, Arthur",M
12211902,"Nijboer, Ryan",M
12211903,"Barrere, Gregoire",M
12211904,"Fognini, Fabio",M
12211922,"Pieri, Jessica",F
12211924,"Đaković , Mihaela",F
12211927,"Bochoradze, Anna",F
12211928,"D'Agostino, Stefano",M
12211931,"Sakellaridis, Dimitris",M
12211932,"Chiesa, Deborah",F
12211933,"Zucchini, Arianna",F
12211936,"Pieri, Tatiana",F
12211937,"Cherubini, Diletta",F
12211938,"Shapatava, Sofia",F
12211940,"Salomone, Federico",M
12211943,"Spiridon, Denis Constantin",M
12211945,"Calvano, Giovanni",M
12211947,"Eto, Naoko",F
12211949,"Herrmann, Sina",F
12211950,"Piraino, Gabriele",M
12211951,"Webley-Smith, Emily",F
12211967,"Namigandet Tenguere, Loic",M
12211968,"Deschamps, Thomas (Fra)",M
12211969,"Genier, Tanguy",M
12211970,"Romano, Filippo",M
12211971,"Harper, Mitchell",M
12211972,"Alujas, Rodrigo",M
12211979,"Nedelchev, Nikolay",M
12211980,"Gadient, Nicole",F
12211982,"Oluwadare, Hephzibah",F
12211984,"Kashyap, Himadri",F
12211986,"Crowther, Corban",M
12211987,"Kalyakina, Maria",F
12211988,"Andre, Seydina",M
12211989,"Gorokhov, Mikhail",M
12211994,"Zhu, Michael",M
12211995,"Ojakaar, Oliver",M
12211997,"Stuurman, Roland",M
12211998,"Waldner, Niklas",M
12211999,"Garcia, Miguel",M
12212000,"Radovanovic, Nina",F
12212001,"Trochu, Pablo",M
12212011,"Gigante, Matteo",M
12212019,"Kashyap, Tanisha",F
12212020,"Lanca, Sara",F
12212021,"Komano, Margaux",F
12212022,"Leclercq, Maelle",F
12212023,"Rottoli, Lorenzo",M
12212024,"Chiu, Britney",F
12212033,"Cukierman, Daniel",M
12212034,"Dutra da Silva, Daniel",M
12212068,"Goffin, David",M
12212076,"Paquet, Chloe",F
12212077,"Ferro, Fiona",F
12212078,"Lys, Eva",F
12212080,"Šrámková, Rebecca",F
12212087,"Carlé, María Lourdes",F
12212106,"Jokic, Katarina",F
12212107,"Kononova, Maria",F
12212127,"McKenzie, Kylie",F
12212202,"Bruna, Nicolas",M
12212205,"Pérez, Brandon",M
12212206,"Lucero, Joel Angel",M
12212207,"Corthey, Lautaro Agustin",M
12212208,"Aguilar, Federico Juan",M
12212209,"La Serna, Juan Manuel",M
12212212,"Falabella, Lautaro Agustin",M
12212214,"Alvarado Berrospi, Alberto Odiseo",M
12213156,"Damas, Miguel",M
12213206,"Andre, Seydina",M
12213412,"Forejtek, Jonas",M
12213458,"Gorokhov, Mikhail",M
12213459,"Zhu, Michael",M
12213460,"Ojakaar, Oliver",M
12213482,"Baldovinetti, Guelfo",M
12213484,"Hornitschek, Nico",M
12156295,,
12157171,,
12173700,,
12173714,,
12173950,,
12173960,,
12173961,,
12173997,,
12174001,,
12174004,,
12174250,,
12174254,,
12174262,,
12174263,,
12174392,,
12174393,,
12174397,,
12174417,,
12174431,,
12174432,,
12174433,,
12205253,,
12205348,,
12205516,,
12206003,,
12206038,,
12206039,,
12206040,,
12206041,,
12206043,,
12206044,,
12206045,,
12206046,,
12206048,,
12206051,,
12206066,,
12206157,,
12206193,,
12206194,,
12206197,,
12206198,,
12206199,,
12206200,,
12206201,,
12206202,,
12206489,,
12206497,,
12206498,,
12206499,,
12206500,,
12206501,,
12206502,,
12206503,,
12206504,,
12206505,,
12206506,,
12206507,,
12206508,,
12206509,,
12206510,,
12206511,,
12206512,,
12206513,,
12206514,,
12206515,,
12206516,,
12206517,,
12206518,,
12206519,,
12206520,,
12206521,,
12206522,,
12206548,,
12208925,,
12208950,,
12208973,,
12208979,,
12209066,,
12209100,,
12209101,,
12209102,,
12209103,,
12209104,,
12209105,,
12209106,,
12209107,,
12209108,,
12209109,,
12209110,,
12209111,,
12209112,,
12209113,,
12209114,,
12209115,,
12209116,,
12209117,,
12209118,,
12209119,,
12209120,,
12209121,,
12209122,,
12209123,,
12209124,,
12209125,,
12209126,,
12209128,,
12209167,,
12209242,,
12209299,,
12209491,,
12209492,,
12209493,,
12209494,,
12209495,,
12209496,,
12209497,,
12209498,,
12209499,,
12209500,,
12209501,,
12209502,,
12209503,,
12209504,,
12209505,,
12209506,,
12209507,,
12209508,,
12209509,,
12209510,,
12209511,,
12209512,,
12209513,,
12209514,,
12209515,,
12209516,,
12209517,,
12209518,,
12209519,,
12209520,,
12209521,,
12209522,,
12209523,,
12209524,,
12209525,,
12209526,,
12209527,,
12209528,,
12209529,,
12209530,,
12209531,,
12209532,,
12209533,,
12209534,,
12209535,,
12209536,,
12209537,,
12209538,,
12209539,,
12209540,,
12209541,,
12209542,,
12209543,,
12209544,,
12209545,,
12209546,,
12209547,,
12209548,,
12209549,,
12209550,,
12209551,,
12209552,,
12209553,,
12209554,,
12209555,,
12209556,,
12209557,,
12209558,,
12209559,,
12209560,,
12209561,,
12209586,,
12209602,,
12209603,,
12209604,,
12209605,,
12209606,,
12209607,,
12209608,,
12209609,,
12209610,,
12209611,,
12209612,,
12209613,,
12209614,,
12209615,,
12209616,,
12209617,,
12209618,,
12209619,,
12209620,,
12209621,,
12209622,,
12209623,,
12209624,,
12209625,,
12209626,,
12209627,,
12209628,,
12209629,,
12209630,,
12209631,,
12209632,,
12209638,,
12209639,,
12209640,,
12209641,,
12209642,,
12209643,,
12209644,,
12209645,,
12209646,,
12209647,,
12209648,,
12209649,,
12209650,,
12209651,,
12209652,,
12209653,,
12209654,,
12209655,,
12209656,,
12209657,,
12209659,,
12209660,,
12209682,,
12209683,,
12209684,,
12209685,,
12209686,,
12209687,,
12209688,,
12209689,,
12209690,,
12209691,,
12209692,,
12209693,,
12209694,,
12209695,,
12209696,,
12209697,,
12209703,,
12209704,,
12209705,,
12209706,,
12209710,,
12209712,,
12209715,,
12209716,,
12209717,,
12209718,,
12209719,,
12209720,,
12209721,,
12209722,,
12209723,,
12209724,,
12209725,,
12209726,,
12209727,,
12209728,,
12209729,,
12209730,,
12209731,,
12209732,,
12209733,,
12209734,,
12209735,,
12209736,,
12209737,,
12209738,,
12209739,,
12209740,,
12209741,,
12209742,,
12209743,,
12209744,,
12209745,,
12209746,,
12209747,,
12209748,,
12209749,,
12209750,,
12209751,,
12209756,,
12209757,,
12209758,,
12209759,,
12209760,,
12209761,,
12209762,,
12209763,,
12209764,,
12209765,,
12209766,,
12209767,,
12209768,,
12209769,,
12209770,,
12209771,,
12209772,,
12209773,,
12209774,,
12209775,,
12209776,,
12209777,,
12209778,,
12209779,,
12209780,,
12209781,,
12209782,,
12209783,,
12209784,,
12209785,,
12209786,,
12209787,,
12209788,,
12209789,,
12209790,,
12209791,,
12209792,,
12209793,,
12209794,,
12209795,,
12209796,,
12209797,,
12209798,,
12209799,,
12209800,,
12209801,,
12209802,,
12209803,,
12209804,,
12209805,,
12209806,,
12209807,,
12209808,,
12209809,,
12209810,,
12209811,,
12209812,,
12209813,,
12209814,,
12209815,,
12209816,,
12209817,,
12209818,,
12209927,,
12209928,,
12209929,,
12209930,,
12209931,,
12209932,,
12209933,,
12209934,,
12209935,,
12209936,,
12209937,,
12209938,,
12209939,,
12209940,,
12209941,,
12209942,,
12209943,,
12209944,,
12209945,,
12209946,,
12209947,,
12209948,,
12209949,,
12209950,,
12209951,,
12209952,,
12209953,,
12209954,,
12209955,,
12209956,,
12209957,,
12209958,,
12209959,,
12209960,,
12209961,,
12209962,,
12209963,,
12209964,,
12209965,,
12209968,,
12209970,,
12209971,,
12209972,,
12209973,,
12209974,,
12210001,,
12210007,,
12210008,,
12210068,,
12210069,,
12210070,,
12210071,,
12210101,,
12210102,,
12210103,,
12210105,,
12210106,,
12210109,,
12210110,,
12210111,,
12210112,,
12210160,,
12210161,,
12210252,,
12210253,,
12210254,,
12210255,,
12210256,,
12210257,,
12210258,,
12210259,,
12210260,,
12210261,,
12210262,,
12210263,,
12210264,,
12210266,,
12210267,,
12210268,,
12210276,,
12210277,,
12210279,,
12210280,,
12210301,,
12210337,,
12210389,,
12210390,,
12210391,,
12210392,,
12210393,,
12210394,,
12210395,,
12210396,,
12210397,,
12210398,,
12210399,,
12210400,,
12210401,,
12210402,,
12210403,,
12210404,,
12210405,,
12210412,,
12210414,,
12210415,,
12210416,,
12210417,,
12210418,,
12210419,,
12210420,,
12210421,,
12210422,,
12210423,,
12210424,,
12210425,,
12210426,,
12210427,,
12210428,,
12210429,,
12210430,,
12210498,,
12210860,,
12210870,,
12210879,,
12210880,,
12210881,,
12210882,,
12210883,,
12210884,,
12210885,,
12210886,,
12210887,,
12210888,,
12210889,,
12210890,,
12210911,,
12211254,,
12211255,,
12211320,,
12211321,,
12211322,,
12211323,,
12211324,,
12211325,,
12211326,,
12211327,,
12211328,,
12211329,,
12211330,,
12211331,,
12211332,,
12211333,,
12211334,,
12211335,,
12211337,,
12211380,,
12211394,,
12211395,,
12211396,,
12211397,,
12211398,,
12211399,,
12211400,,
12211401,,
12211402,,
12211418,,
12211452,,
12211453,,
12211485,,
12211486,,
12211487,,
12211523,,
12211524,,
12211525,,
12211526,,
12211527,,
12211528,,
12211529,,
12211530,,
12211531,,
12211532,,
12211533,,
12211534,,
12211535,,
12211536,,
12211537,,
12211538,,
12211539,,
12211540,,
12211541,,
12211542,,
12211543,,
12211547,,
12211548,,
12211550,,
12211551,,
12211552,,
12211553,,
12211554,,
12211555,,
12211556,,
12211557,,
12211558,,
12211559,,
12211560,,
12211561,,
12211562,,
12211563,,
12211564,,
12211565,,
12211566,,
12211567,,
12211568,,
12211569,,
12211570,,
12211571,,
12211572,,
12211573,,
12211574,,
12211575,,
12211576,,
12211577,,
12211578,,
12211579,,
12211597,,
12211598,,
12211599,,
12211600,,
12211601,,
12211602,,
12211603,,
12211604,,
12211663,,
12211700,,
12211764,,
12211765,,
12211767,,
12211768,,
12211769,,
12211770,,
12211771,,
12211772,,
12211773,,
12211774,,
12211775,,
12211776,,
12211777,,
12211778,,
12211779,,
12211780,,
12211781,,
12211782,,
12211783,,
12211784,,
12211785,,
12211786,,
12211787,,
12211788,,
12211789,,
12211790,,
12211791,,
12211792,,
12211793,,
12211794,,
12211795,,
12211796,,
12211797,,
12211798,,
12211799,,
12211800,,
12211801,,
12211802,,
12211803,,
12211804,,
12211805,,
12211806,,
12211807,,
12211808,,
12211809,,
12211877,,
12211900,,
12211901,,
12211902,,
12211903,,
12211904,,
12211921,,
12211922,,
12211923,,
12211924,,
12211925,,
12211927,,
12211928,,
12211930,,
12211931,,
12211932,,
12211933,,
12211934,,
12211936,,
12211937,,
12211938,,
12211939,,
12211940,,
12211942,,
12211943,,
12211945,,
12211947,,
12211948,,
12211949,,
12211950,,
12211951,,
12211952,,
12211967,,
12211968,,
12211969,,
12211970,,
12211971,,
12211972,,
12211978,,
12211979,,
12211980,,
12211981,,
12211982,,
12211983,,
12211984,,
12211985,,
12211986,,
12211987,,
12211988,,
12211989,,
12211990,,
12211991,,
12211992,,
12211993,,
12211994,,
12211995,,
12211996,,
12211997,,
12211998,,
12211999,,
12212000,,
12212001,,
12212002,,
12212003,,
12212004,,
12212009,,
12212011,,
12212014,,
12212015,,
12212019,,
12212020,,
12212021,,
12212022,,
12212023,,
12212024,,
12212025,,
12212026,,
12212033,,
12212034,,
12212068,,
12212076,,
12212077,,
12212078,,
12212080,,
12212087,,
12212106,,
12212107,,
12212127,,
12212201,,
12212202,,
12212203,,
12212204,,
12212205,,
12212206,,
12212207,,
12212208,,
12212209,,
12212210,,
12212211,,
12212212,,
12212213,,
12212214,,
12212215,,
12212216,,
12213156,,
12213192,,
12213206,,
12213412,,
12213458,,
12213459,,
12213460,,
12213482,,
12213483,,
12213484,,
12213486,,
12213803,,
11998445,"Auger-Aliassime, Felix",M
11998446,Flavio Cobolli,M
11998447,"Martinez, Pedro",M
11998448,"Muller, Alexandre",M
11998449,"Mayot, Harold",M
11998450,"Bublik, Alexander",M
11998451,"Barrere, Gregoire",M
11998456,"Bublik, Alexander",M
11998459,"Llamas Ruiz, Pablo",M
11998666,"Imai, Shintaro",M
11998667,"Polmans, Marc",M
11998670,"Bolt, Alex",M
11998671,"Sweeny, Dane",M
11998672,"Sekulic, Philip",M
11998674,"Jones, Hayden",M
11998675,"Jasika, Omar",M
11998676,"Sweeny, Dane",M
11998772,"Krueger, Mitchell",M
11998774,"Maloney, Patrick",M
11998780,"Kozlov, Stefan",M
11998782,"Fanselow, Sebastian",M
11998783,"Kudla, Denis",M
11998784,"Trotter, James Kent",M
11998785,"Kypson, Patrick",M
11998786,"Brady, Patrick",M
11999004,"Nakashima, Brandon",M
11999005,"Otte, Oscar",M
11999007,"Rehberg, Max Hans",M
11999009,"Lamasine, Tristan",M
11999010,"Royer, Valentin",M
11999011,"Marie, Jules",M
11999012,"Damm Jr, Martin",M
11999013,"Molleker, Rudolf",M
11999014,"Damm Jr, Martin",M
11999209,"Ugo Carabelli, Camilo",M
11999210,"Feldbausch, Kilian",M
11999211,"Mager, Gianluca",M
11999212,"Lavagno, Edoardo",M
11999213,"Torres, Juan Bautista",M
11999215,"Gill, Felix",M
11999219,"Weis, Alexander",M
11999220,"Gakhov, Ivan",M
12002040,"Zhu, Lin",F
12002041,"Bai, Zhuoxuan",F
12002042,"Maria, Tatjana",F
12002043,"Wang, Yafan",F
12002044,"Putintseva, Yulia",F
12002048,"Alexandrova, Ekaterina",F
12002049,"Cocciaretto, Elisabetta",F
12002050,"Vekić, Donna",F
12002051,"Burel, Clara",F
12002052,"Boulter, Katie",F
12002053,"Bronzetti, Lucia",F
12002055,"Tauson, Clara",F
12002057,"Gálfi, Dalma",F
12002058,"Putintseva, Yulia",F
12002060,"Volynets, Katie",F
12002064,"Zhu, Lin",F
12002065,"Vekić, Donna",F
12002068,"Alexandrova, Ekaterina",F
12010829,"Monfils, Gaël",M
12010830,"Lestienne, Constant",M
12011297,"Travaglia, Stefano",M
12011301,"Harris, Lloyd",M
12011306,"Marchenko, Illya",M
12014547,"Siniakova, Katerina",F
12016976,"Andreeva, Erika",F
12017442,Middendorf Julia,F
12017453,"Zelníčková, Radka",F
12017455,"Liaonenka, Aliaksandr",M
12017458,"Pontjodikromo, Sidane",M
12017459,"Pawelski, Martyn",M
12017462,"Cervino Ruiz, Celia",F
12017463,"Ojakaar, Oliver",M
12017464,"Salkova, Dominika",F
12017465,"Waltert, Simona",F
12017468,"Ganz, Fiona",F
12017473,"Bouzas Maneiro, Jessica",F
12017480,"Vetrih, Miha",M
12017483,"Hardt, Nick",M
12017495,"Pecci, Alessandro",M
12017501,"Hoang, Antoine",M
12017504,"Osuigwe, Whitney",F
12017505,"Strakhova, Valeriya",F
12017510,"Loeb, Jamie",F
12017511,"Sieg, Madison",F
12017513,"Hu, Victoria",F
12017514,"Baptiste, Hailey",F
12017517,"Jacquemot, Elsa",F
12017520,"Albie, Audrey",F
12017522,"Serban, Raluca Georgiana",F
12017523,"Peterson, Rebecca",F
12017526,"Szostak, Marine",F
12017528,"Pfeifer, Lara",F
12017533,"Boisson, Loïs",F
12017648,"Hosogi, Sakura",F
12017656,"Hon, Priscilla",F
12018083,"Jakupovic, Dalila",F
12018812,"Hardt, Nick",M
12018833,"Zucchini, Arianna",F
12018836,"Daems, Josy",F
12018842,"Arutiunian, Erik",M
12018844,"Szajrych, Jasza",M
12018847,"Pontjodikromo, Sidane",M
12018857,"Lumsden, Ewen",M
12018899,"Schunk, Nastasja Mariana",F
12018932,"Radivojevic, Lola",F
12018933,"Khomutsianskaya, Daria",F
12018934,"Karunaratne, Adithya",F
12018937,"Spiteri, Dalila",F
12018939,"Pavlova, Kira",F
12018941,"Ezzat, Yasmin",F
12018944,"Hietaranta, Laura",F
12018945,"Wong, Hong Yi Cody",F
12019043,"Salle, Fabien",M
12019094,"Tiurnev, Evgenii",M
12019105,"Bertimon, Maxence",M
12019106,"Lanz, Mischa",M
12019658,"Romano, Filippo",M
12019673,"Roura Llaverias, Ruth",F
12019677,"Adaloglou, Magdalini",F
12019755,"Milovanovic, Elena",F
12019899,"Struplova, Julie",F
12019944,"Grey, Sarah Beth",F
12019945,"Cengiz, Berfu",F
12019949,"Avdeeva, Julia",F
12019979,"Oberleitner, Neil",M
12020048,"Montgomery, Robin",F
12020068,"Markham, Ava",F
12020069,"Hovde, Liv",F
12020071,"Ionescu, Elizabeth",F
12020072,"Fung, Stacey",F
12020073,"Chang, Sophie",F
12020074,"Osuigwe, Victoria",F
12020075,"Baptiste, Hailey",F
12020509,"Saito, Sara",F
12020510,"You, Xiaodi",F
12020513,"Kuramochi, Miho",F
12020532,"Banks, Amarni",F
12020544,"Popovic, Ivana",F
12020555,"Fourlis, Jaimee",F
12020624,"Imamura, Saki",F
12020718,"Eala, Alexandra",F
12021294,"Plunger, Manuel",M
12021309,"Turker, Mert Naci",M
12021318,"Radanović, Dejana",F
12021328,"Turati, Anna",F
12021399,"Demidova, Diana",F
12021419,"Bains, Naiktha",F
12021434,"Marcinkevica, Diana",F
12021435,"Kudermetova, Polina",F
12021442,"Perez Contri, Sergi",M
12021451,"Denolly, Corentin",M
12021493,"Tabacco, Fausto",M
12021494,"Ševčíková, Linda",F
12021502,"Gutierrez, Oscar Jose",M
12021503,"Popovic, Stefan",M
12021508,"Kellovský, Dominik",M
12021512,"Fritz, Taylor",M
12021516,"Korda, Sebastian",M
12021518,"Inoue, Hina",F
12021519,"Visker, Niels",M
12021521,"Lee, Eunhye",F
12021522,"Tsitsipas, Pavlos",M
12021530,"Ponchet, Jessika",F
12021532,"Saigo, Rina",F
12021538,"Bolkvadze, Mariam",F
12021558,"Travaglia, Stefano",M
12021562,"Aikawa, Mayuka",F
12021566,"Kuwata, Hiroko",F
12021581,"Galimardanov, Oscar",M
12021589,"Prisăcariu, Andreea",F
12021590,"Nikles, Johan",M
12021599,"Portillo Ramirez, Maria Jose",F
12021601,"Marchenko, Illya",M
12021605,"Palicova, Barbora",F
12021622,"Moroni, Gian Marco",M
12021623,"Dencheva, Rositsa",F
12021624,"Oetzbach, Adrian",M
12021658,"Fett, Jana",F
12021659,"Tabacco, Giorgio",M
12021806,"Bartone, Kamilla",F
12021807,"Gengel, Marek",M
12021848,"Klimovicova, Linda",F
12022185,"Eriksson, Sebastian",M
12022248,"Bertrand, Robin",M
12022250,"Ghazouani Durand, Yanis",M
12022251,"Barranco Cosano, Javier",M
12022262,"Munk Mortensen, Rebecca",F
12022282,"Decamps, Gabriel",M
12022295,"Kukasian, Artur",M
12022305,"Pawelski, Martyn",M
12022321,"Radivojevic, Lola",F
12022327,"Tubello, Alice",F
12022336,"Iordache, Alexandra",F
12022371,"Jorge, Francisca",F
12022396,"Pogosian, Sergei",M
12022430,"Jacquemot, Elsa",F
12022438,"Van Impe, Amelie",F
12022439,"Pfeifer, Lara",F
12022452,"Laskevich, Evialina",F
12022492,"Avdeeva, Julia",F
12022513,"Stevanović, Natalija",F
12022525,"Arutiunian, Erik",M
12022526,"Alimli, Mikail",M
12022527,"Wong, Hong Yi Cody",F
12022528,"Salkova, Dominika",F
12022562,"Miyazaki, Yuriko Lily",F
12022672,"Ferro, Fiona",F
12022674,"Hoang, Antoine",M
12022675,"Bouzas Maneiro, Jessica",F
12022680,"Romero Gormaz, Leyre",F
12022685,"Fung, Stacey",F
12022703,"Miroshnichenko, Veronica",F
12022718,"Peterson, Rebecca",F
12022727,"Hovde, Liv",F
12022801,"Wolff, Vivian",F
12022802,"Anderson, Robin",F
12023335,"Hosogi, Sakura",F
12023340,"Naito, Yuki",F
12023348,"Kriznik, Matic",M
12023350,"Dominko, Sebastian",M
12023352,"Henning, Philip",M
12023353,"van Wyk, Kris",M
12023361,"Erel, Yanki",M
12023362,"Ilkel, Cem",M
12023461,"Jakupovic, Dalila",F
12023462,"Hon, Priscilla",F
12023465,"Radanović, Dejana",F
12023470,"Joint, Maya",F
12024041,"Hurkacz, Hubert",M
12024043,"Kasnikowski, Maks",M
12024064,"Kudermetova, Polina",F
12024149,"Eala, Alexandra",F
12024232,"Nishioka, Yoshihito",M
12024235,"Watanuki, Yosuke",M
12024236,"Denolly, Corentin",M
12024243,"Vilicich, Bautista",M
12024248,"Oetzbach, Adrian",M
12024249,"Popovic, Stefan",M
12024252,"Turati, Anna",F
12024254,"Gengel, Marek",M
12024307,"Dencheva, Rositsa",F
12024308,"Barranco Cosano, Javier",M
12024356,"Visker, Niels",M
12024368,"Huesler, Marc-Andrea",M
12024386,"Gomez, Emilio",M
12024387,"Guillen Meza, Alvaro",M
12024430,"Pavlova, Kira",F
12024431,"Prisăcariu, Andreea",F
12024440,"Ponchet, Jessika",F
12024550,"Hindova, Denisa",F
12024572,"Romero Gormaz, Leyre",F
12024628,"Ovcharenko, Oleksandr",M
12024632,"Szajrych, Jasza",M
12024643,"Eubanks, Christopher",M
12024644,"Jorge, Francisca",F
12024645,"Moroni, Gian Marco",M
12024652,"Pawelski, Martyn",M
12024769,"Bouquier, Arthur",M
12024782,"Abbagnato, Anastasia",F
12024913,"Radivojevic, Lola",F
12025016,"Gasanova, Anastasia",F
12025030,"Fett, Jana",F
12025056,"Peterson, Rebecca",F
12025057,"Bouzas Maneiro, Jessica",F
12025085,"Oberleitner, Neil",M
12025144,"Appleton, Emily",F
12025672,"Erel, Yanki",M
11974053,,
11974066,,
11998445,,
11998446,,
11998447,,
11998448,,
11998449,,
11998450,,
11998451,,
11998456,,
11998459,,
11998666,,
11998667,,
11998670,,
11998671,,
11998672,,
11998674,,
11998675,,
11998676,,
11998772,,
11998774,,
11998780,,
11998782,,
11998783,,
11998784,,
11998785,,
11998786,,
11999004,,
11999005,,
11999007,,
11999009,,
11999010,,
11999011,,
11999012,,
11999013,,
11999014,,
11999209,,
11999210,,
11999211,,
11999212,,
11999213,,
11999215,,
11999219,,
11999220,,
12001976,,
12002040,,
12002041,,
12002042,,
12002043,,
12002044,,
12002048,,
12002049,,
12002050,,
12002051,,
12002052,,
12002053,,
12002055,,
12002057,,
12002058,,
12002060,,
12002064,,
12002065,,
12002068,,
12002078,,
12002109,,
12002112,,
12010829,,
12010830,,
12011297,,
12011301,,
12011306,,
12014547,,
12016976,,
12017442,,
12017453,,
12017455,,
12017458,,
12017459,,
12017462,,
12017463,,
12017464,,
12017465,,
12017468,,
12017473,,
12017477,,
12017480,,
12017483,,
12017488,,
12017495,,
12017501,,
12017504,,
12017505,,
12017506,,
12017510,,
12017511,,
12017513,,
12017514,,
12017517,,
12017520,,
12017522,,
12017523,,
12017526,,
12017528,,
12017533,,
12017539,,
12017648,,
12017656,,
12018083,,
12018812,,
12018833,,
12018836,,
12018842,,
12018844,,
12018847,,
12018849,,
12018857,,
12018899,,
12018932,,
12018933,,
12018934,,
12018937,,
12018939,,
12018941,,
12018944,,
12018945,,
12019043,,
12019094,,
12019105,,
12019106,,
12019658,,
12019672,,
12019673,,
12019677,,
12019755,,
12019899,,
12019944,,
12019945,,
12019949,,
12019979,,
12020048,,
12020068,,
12020069,,
12020070,,
12020071,,
12020072,,
12020073,,
12020074,,
12020075,,
12020509,,
12020510,,
12020513,,
12020532,,
12020544,,
12020555,,
12020624,,
12020718,,
12021294,,
12021309,,
12021318,,
12021328,,
12021399,,
12021419,,
12021434,,
12021435,,
12021442,,
12021451,,
12021493,,
12021494,,
12021502,,
12021503,,
12021508,,
12021512,,
12021516,,
12021518,,
12021519,,
12021521,,
12021522,,
12021530,,
12021532,,
12021538,,
12021539,,
12021558,,
12021562,,
12021566,,
12021581,,
12021589,,
12021590,,
12021599,,
12021601,,
12021605,,
12021622,,
12021623,,
12021624,,
12021658,,
12021659,,
12021806,,
12021807,,
12021848,,
12022185,,
12022248,,
12022250,,
12022251,,
12022262,,
12022282,,
12022295,,
12022305,,
12022321,,
12022327,,
12022336,,
12022371,,
12022396,,
12022430,,
12022438,,
12022439,,
12022452,,
12022453,,
12022492,,
12022513,,
12022525,,
12022526,,
12022527,,
12022528,,
12022562,,
12022672,,
12022674,,
12022675,,
12022680,,
12022685,,
12022703,,
12022718,,
12022727,,
12022801,,
12022802,,
12023335,,
12023340,,
12023348,,
12023350,,
12023352,,
12023353,,
12023361,,
12023362,,
12023461,,
12023462,,
12023465,,
12023470,,
12024041,,
12024043,,
12024064,,
12024149,,
12024225,,
12024232,,
12024235,,
12024236,,
12024243,,
12024248,,
12024249,,
12024252,,
12024254,,
12024307,,
12024308,,
12024356,,
12024368,,
12024386,,
12024387,,
12024430,,
12024431,,
12024440,,
12024550,,
12024572,,
12024628,,
12024632,,
12024643,,
12024644,,
12024645,,
12024652,,
12024769,,
12024782,,
12024913,,
12025016,,
12025030,,
12025056,,
12025057,,
12025085,,
12025144,,
12025672,,
12156295,"Rybakina, Elena",F
12157171,"Sinner, Jannik",M
12173700,"Martinez, Pedro",M
12173714,"Martinez, Pedro",M
12173950,"Nardi, Luca",M
12173960,"Herbert, Pierre Hugues",M
12173961,"Nardi, Luca",M
12173997,"Mpetshi Perricard, Giovanni",M
12174001,"Kudla, Denis",M
12174004,"Soto, Matias",M
12174250,"Meligeni Alves, Felipe",M
12174254,Vallejo Daniel,M
12174262,Vallejo Daniel,M
12174263,"Couacaud, Enzo",M
12174417,"Begu, Irina-Camelia",F
12174431,"Cocciaretto, Elisabetta",F
12174432,"Riera, Julia",F
12174433,"Podoroska, Nadia",F
12205253,"Hrunčákova, Viktória",F
12205348,"Collignon, Raphael",M
12205516,"Farjat, Tomas",M
12206003,"Onclin, Gauthier",M
12206038,"Ambrogi, Luciano Emanuel",M
12206039,"Valkusz, Máté",M
12206040,"Araujo, Pedro",M
12206041,"Jorda Sanchis, David",M
12206043,"Pouille, Lucas",M
12206044,"Vale, Duarte",M
12206045,"Llamas Ruiz, Pablo",M
12206046,"Estable, Julieta",F
12206048,"Elias, Gastão",M
12206051,"Choinski, Jan",M
12206066,"Miyazaki, Yuriko Lily",F
12206157,"Tona, Miriana",F
12206193,"Krueger, Mitchell",M
12206194,"Brouwer, Gijs",M
12206197,"Quinn, Ethan",M
12206198,"Ritschard, Alexander",M
12206199,"Pannu, Kiranpal",M
12206200,"Damm Jr, Martin",M
12206201,"Tabur, Clement",M
12206202,"Kozlov, Stefan",M
12206489,"Labraña, Fernanda",F
12206497,"Vickery, Sachia",F
12206498,"Chang, Sophie",F
12206499,"Hewitt, Dalayna",F
12206500,"Sebov, Katherine",F
12206501,"Li, Ann",F
12206502,"Mandlik, Elizabeth",F
12206503,"Lee, Gabriela",F
12206504,"Min, Grace",F
12206505,"Giavara, Haley",F
12206506,"Watson, Heather",F
12206507,"Fruhvirtova, Linda",F
12206508,"Sharma, Astra",F
12206509,"Perez Garcia, Maria Paulina",F
12206510,"Tan, Harmony",F
12206511,"Stollar, Fanny",F
12206512,"Rodriguez, Victoria",F
12206513,"Torres Murcia, Maria Camila",F
12206514,"Hu, Victoria",F
12206515,"Lepchenko, Varvara",F
12206516,"Kalieva, Elvina",F
12206517,"Brancaccio, Nuria",F
12206518,"Todoni, Anca Alexia",F
12206519,"You, Xiaodi",F
12206520,"Stakusic, Marina",F
12206521,"Harrison, Catherine",F
12206522,"Makarova, Ekaterina",F
12206548,"Isomura, Kokoro",M
12208925,"Visker, Niels",M
12208950,"Laskutova, Ksenia",F
12208973,"Jamrichova, Renata",F
12208979,"Ursu, Vadym",M
12209066,"Milovanovic, Elena",F
12209101,"Masabayashi, Tomohiro",M
12209103,"Ogura, Kosuke",M
12209104,"Saitoh, Keisuke",M
12209105,"Southcombe, Mattias",M
12209106,"Matsuda, Koki",M
12209107,"Matsumura, Ryotero",M
12209108,"Shin, Woobin",M
12209109,"Han, Seon Yong",M
12209110,"Kuramochi, Miho",F
12209111,"Naito, Yuki",F
12209112,"Hosogi, Sakura",F
12209113,"Wong, Hong Yi Cody",F
12209114,"Okamura, Issei",M
12209115,"Ishii, Sayaka",F
12209116,"Saigo, Rina",F
12209117,"Nakagawa, Shunsuke",M
12209118,"Tajima, Naoki",M
12209119,"Hule, Petra",F
12209120,"Imamura, Masamichi",M
12209121,"Kalina, Vit",M
12209122,"Matsuoka, Hayato",M
12209123,"Imamura, Saki",F
12209124,"Vale, Duarte",M
12209125,"Kung, Leonie",F
12209126,"Bradshaw, Jacob",M
12209128,"Buse, Ignacio",M
12209167,"Aubriot, Alexandre",M
12209242,"Hrunčákova, Viktória",F
12209299,"Fanselow, Sebastian",M
12209491,"Tona, Miriana",F
12209492,"Onclin, Gauthier",M
12209498,"Fix, David",M
12209505,"Chepik, Alexander",M
12209507,"Klintcharov, Alexander",M
12209512,"Vetrih, Miha",M
12209515,"Aksu, Cengiz",M
12209517,"Van Zijl, Twan",M
12209519,"Carnevalle, Lucio",M
12209525,"Marysko, Vincent",M
12209534,"Krznarić, Noa",F
12209538,"Bulbarella, Marina",F
12209544,"Schonenberg, Tom",M
12209546,"Faltinger, Ines",F
12209552,"Vadyala, Mansi",F
12209586,"Munar, Jaume",M
12209606,"Cavelli, Carola",F
12209607,"Bestetti, Giuliana",F
12209612,"Varul, Liisa",F
12209639,"Ilkel, Berk",M
12209641,"Biloborodko, Illia",M
12209646,"Krajci, Michal",M
12209647,"Watt, James",M
12209649,"Safonov, Aristarkh",M
12209653,"Ianin, Nikita",M
12209654,"Bass, Finn",M
12209657,"Khamis, Yusuf",M
12209659,"Agabigun, Sarp",M
12209682,"Rogers, Anna Sinclair",F
12209685,"Milatova, Sofia",F
12209686,"Morderger, Yana",F
12209687,"Wagner, Stephanie",F
12209688,"Morderger, Tayisiya",F
12209690,"Herdzelas, Dea",F
12209694,"Lovrič, Pia",F
12209695,"Tucakovic, Suana",
12209696,"Laboutková, Aneta",F
12209697,"Zelníčková, Radka",F
12209703,"Pouille, Lucas",M
12209704,"Faria, Jaime",M
12209705,"Choinski, Jan",M
12209706,"Llamas Ruiz, Pablo",M
12209710,"Thiem, Dominic",M
12209712,"Kecmanović, Miomir",M
12209736,"Vincent, Antoine",M
12209737,"Berger, Antoine",M
12209738,"Fassbender, Boris",M
12209740,"Opitz, Jannik",M
12209742,"Darras, Mayeul",M
12209744,"Lanz, Mischa",M
12209748,"Atlangeriev, Bekkhan",M
12209749,"Reveniau, Simon",M
12209750,"Colne, Nicolas",M
12209758,"Bergen, Mariia",F
12209764,"Tammaro, Mariano",M
12209765,"Oetzbach, Adrian",M
12209766,"Milev, Yanaki",M
12209767,"Pennaforti, Gabriele",M
12209768,"Gentzsch, Tom",M
12209769,"Bouquet, Lucas",M
12209770,"Iannaccone, Federico",M
12209771,"Tresca, Giuseppe",M
12209773,"Nikles, Johan",M
12209775,"Gimeno Valero, Carlos",M
12209776,"Robertson, Charlie",M
12209777,"Simonsson, Fred",M
12209781,"Karlsson Wistrand, Jack",M
12209786,"Ramirez, Evita",F
12209788,"Wang, Qiulin",M
12209795,"Collignon, Kylian",M
12209801,"Sibille, Imran",M
12209803,"Garcia, Miguel",M
12209804,"Makhlouf, Mohamed Nazim",M
12209805,"Lumsden, Ewen",M
12209807,"Waldner, Niklas",M
12209816,"Stuurman, Roland",M
12209927,"Barroso Campos, Alberto",M
12209928,"Nijboer, Ryan",M
12209929,"Merida Aguilar, Daniel",M
12209930,"Rodriguez, Sebastian",M
12209931,"Buse, Ignacio",M
12209932,"Cekirge, Kuzey",M
12209944,"Amoros Ramos, Pol",M
12209945,"Fernandez Canovas, Andres",M
12209948,"Martinez, Louroi",M
12209949,"Zusman, Richard",M
12209960,"Giustino, Lorenzo",M
12209963,"de Schepper, Kenny",M
12209964,"Kozyreva, Maria",F
12209968,"Taberner, Carlos",M
12209971,"Krumich, Martin",M
12209972,"Krutykh, Oleksii",M
12209973,"Damas, Miguel",M
12209974,"Forejtek, Jonas",M
12210001,"Diez, Steven",M
12210007,"Oradini, Giovanni",M
12210008,"Basilashvili, Nikoloz",M
12210068,"Jiménez Kasintseva, Victoria",F
12210069,"Burillo Escorihuela, Irene",F
12210070,"Quevedo, Kaitlin",F
12210071,"Selekhmeteva, Oksana",F
12210102,"Hemery, Calvin",M
12210103,"Bourgue, Mathias",M
12210105,"Blanchet, Ugo",M
12210106,"Moreno de Alboran, Nicolas",M
12210109,"Hassan, Benjamin",M
12210110,"Napolitano, Stefano",M
12210111,"Molleker, Rudolf",M
12210112,"Brouwer, Gijs",M
12210160,"Arconada, Usue Maitane",F
12210161,"Watson, Heather",F
12210263,"Cundom, Julian",M
12210264,"Ratti, Lucio",M
12210276,"Brancaccio, Nuria",F
12210277,"Kalieva, Elvina",F
12210279,"Tan, Harmony",F
12210280,"Stakusic, Marina",F
12210301,"Sharma, Astra",F
12210337,"Kozyreva, Maria",F
12210389,"Ritschard, Alexander",M
12210390,"Ccuno , Romina",F
12210391,"Rodríguez, Juliana",F
12210392,"Santos, Ana Filipa",F
12210393,"Price, Gabriella",F
12210394,"Ormaechea, Paula",F
12210396,"Labraña, Fernanda",F
12210397,"Hitt, Zoe",F
12210401,"Leon, Sabastiani",F
12210402,"Zeballos, Noelia",F
12210403,"Da Cruz Mendonça, Sofia",F
12210404,"Bonardi, Berta",F
12210405,"Bohrer Martins, Carolina",F
12210412,"Holt, Brandon",M
12210414,"Ambrogi, Luciano Emanuel",M
12210415,"Todoni, Anca Alexia",F
12210416,"You, Xiaodi",F
12210417,"Uchida, Kaichi",M
12210418,"Leite, Wilson",M
12210419,"Huertas del Pino, Conner",M
12210420,"Fruhvirtova, Linda",F
12210421,"Li, Ann",F
12210422,"Ingildsen, Johannes",M
12210423,"Pereira, Jose",M
12210424,"Roncadelli, Franco",M
12210425,"Justo, Guido Ivan",M
12210426,"Prado Angelo, Juan Carlos",M
12210427,"Almeida, Joaquim",M
12210428,"Carou, Ignacio",M
12210429,"Britto, Luis",M
12210430,"Barreiros Reyes, Mateo",M
12210498,"de Loore, Joris",M
12210860,"Vickery, Sachia",F
12210880,"Cid Subervi, Roberto",M
12210881,"Mena, Facundo",M
12210882,"Langmo, Christian",M
12210883,"Glinka, Daniil",M
12210884,"Ejupovic, Elmar",M
12210885,"Pichler, David",M
12210886,"Ayeni, Alafia",M
12210887,"Artnak, Bor",M
12210889,"Zhu, Evan",M
12210890,"Chappell, Nick",M
12210911,"Wu, Yibing",M
12211254,"Klintcharov, Alexander",M
12211321,"Matsuda, Koki",M
12211322,"Imamura, Saki",F
12211323,"Ogura, Kosuke",M
12211324,"Wong, Hong Yi Cody",F
12211325,"Saitoh, Keisuke",M
12211326,"Kuramochi, Miho",F
12211327,"Yamanaka, Taiyo",M
12211328,"Tajima, Naoki",M
12211329,"Shin, Woobin",M
12211330,"Saigo, Rina",F
12211331,"Naito, Yuki",F
12211332,"Ishii, Sayaka",F
12211333,"Matsuoka, Hayato",M
12211334,"Imamura, Masamichi",M
12211335,"Hule, Petra",F
12211337,"Hosogi, Sakura",F
12211394,"Miedler, Lucas",M
12211398,"Liauw A Fong, Noa",F
12211418,"Perez Contri, Sergi",M
12211452,"Oetzbach, Adrian",M
12211453,"Iannaccone, Federico",M
12211485,"Collins, Ali",F
12211538,"De Vincentis, Matteo",M
12211548,"Fix, David",M
12211552,"Aksu, Cengiz",M
12211555,"Kelm, Yannik",M
12211556,"Faltinger, Ines",F
12211561,"Baidaulet, Dana",F
12211562,"Vetrih, Miha",M
12211566,"Klintcharov, Alexander",M
12211569,"Verbin, Pavel",M
12211573,"Marysko, Vincent",M
12211577,"Bataljin, Lawrence",M
12211597,"Herdzelas, Dea",F
12211598,"Lovrič, Pia",F
12211599,"Zelníčková, Radka",F
12211600,"Rogers, Anna Sinclair",F
12211601,"Morderger, Tayisiya",F
12211602,"Wagner, Stephanie",F
12211603,"Morderger, Yana",F
12211604,"Milatova, Sofia",F
12211700,"Guerrieri, Andrea",M
12211764,"Milev, Yanaki",M
12211765,"Pennaforti, Gabriele",M
12211768,"Bestetti, Giuliana",F
12211771,"Varul, Liisa",F
12211772,"Mikhaylova, Victoria",F
12211773,"Drozd, Maya",F
12211774,"Iordache, Alexandra",F
12211776,"Milanese, Sara",F
12211777,"Kalamaris, Georgia",F
12211778,"Hutchinson, Holly",F
12211779,"Tyler, Joe",M
12211781,"Marti, Yann",M
12211782,"Agabigun, Sarp",M
12211784,"Safonov, Aristarkh",M
12211788,"Biloborodko, Illia",M
12211790,"Hilderbrand, Trey",M
12211791,"Ianin, Nikita",M
12211792,"Krajci, Michal",M
12211793,"Ibrahim, Karim",M
12211794,"Zusman, Richard",M
12211797,"Mansilla Diez, Mario",M
12211798,"Cekirge, Kuzey",M
12211804,"Fernandez Canovas, Andres",M
12211807,"Martinez, Louroi",M
12211900,"Roveri Sidney, Gabriel",M
12211901,"Giustino, Lorenzo",M
12211902,"Krutykh, Oleksii",M
12211903,"Moreno de Alboran, Nicolas",M
12211904,"Miedler, Lucas",M
12211923,"Chiesa, Enola",F
12211924,"Delai, Melania",F
12211925,"Ferrara, Virginia",F
12211927,"Lavino, Irene",F
12211930,"Dessolis, Barbara",F
12211932,"Corley, Ivana",F
12211934,"Corley, Carmen",F
12211938,"Brack, Caroline",F
12211945,"Gola, Andrea",M
12211947,"Iamachkine, Anastasia",F
12211948,"Alvisi, Eleonora",F
12211951,"Carbonaro, Giulia",F
12211967,"Opitz, Jannik",M
12211968,"Berger, Antoine",M
12211969,"Colne, Nicolas",M
12211970,"Atlangeriev, Bekkhan",M
12211971,"Reveniau, Simon",M
12211972,"Lanz, Mischa",M
12211982,"Ramirez, Evita",F
12211983,"Wang, Qiulin",M
12211985,"Sibille, Imran",M
12211990,"Shebekina, Elizaveta",F
12211991,"Collignon, Kylian",M
12211992,"Rakotomalala, Maneva",F
12211997,"Lumsden, Ewen",M
12211998,"Karlsson Wistrand, Jack",M
12211999,"Pierre, Hugo",M
12212002,"Lipiec, Xenia",F
12212003,"Malaescu, Daria Stefania",F
12212004,"Makhlouf, Mohamed Nazim",M
12212009,"Fassbender, Boris",M
12212011,"Molleker, Rudolf",M
12212014,"Patil, Sonal",F
12212015,"Simonsson, Fred",M
12212022,"Battesti, Alice",F
12212023,"Gimeno Valero, Carlos",M
12212025,"Iila, Elisabeth",F
12212026,"Koussenkova, Valeria",F
12212033,"Justo, Guido Ivan",M
12212034,"Saraiva dos Santos, Paulo André",M
12212068,"Hassan, Benjamin",M
12212076,"Jiménez Kasintseva, Victoria",F
12212077,"Masarova, Rebeka",F
12212078,"Dodin, Océane",F
12212080,"Jeanjean, Léolia",F
12212087,"Bejlek, Sára",F
12212106,"Hitt, Zoe",F
12212107,"Gulin, Georgia",F
12212127,"Bonardi, Berta",F
12212203,"Romano, Gino",M
12212204,"De Dios, Felipe",M
12212205,"Ratti, Lucio",M
12212207,"Ribero, Franco",M
12212212,"Derdoy, Felipe",M
12212215,"Simonit, Ezequiel",M
12212216,"Doria, Luciano",M
12213156,"Soriano Barrera, Adria",M
12213412,"Taberner, Carlos",M
12213458,"Simonsson, Fred",M
12213459,"Lumsden, Ewen",M
12156295,,
12157171,,
12173700,,
12173714,,
12173950,,
12173960,,
12173961,,
12173997,,
12174001,,
12174004,,
12174250,,
12174254,,
12174262,,
12174263,,
12174392,,
12174393,,
12174397,,
12174417,,
12174431,,
12174432,,
12174433,,
12205253,,
12205348,,
12205516,,
12206003,,
12206038,,
12206039,,
12206040,,
12206041,,
12206043,,
12206044,,
12206045,,
12206046,,
12206048,,
12206051,,
12206066,,
12206157,,
12206193,,
12206194,,
12206197,,
12206198,,
12206199,,
12206200,,
12206201,,
12206202,,
12206489,,
12206497,,
12206498,,
12206499,,
12206500,,
12206501,,
12206502,,
12206503,,
12206504,,
12206505,,
12206506,,
12206507,,
12206508,,
12206509,,
12206510,,
12206511,,
12206512,,
12206513,,
12206514,,
12206515,,
12206516,,
12206517,,
12206518,,
12206519,,
12206520,,
12206521,,
12206522,,
12206548,,
12208925,,
12208950,,
12208973,,
12208979,,
12209066,,
12209100,,
12209101,,
12209102,,
12209103,,
12209104,,
12209105,,
12209106,,
12209107,,
12209108,,
12209109,,
12209110,,
12209111,,
12209112,,
12209113,,
12209114,,
12209115,,
12209116,,
12209117,,
12209118,,
12209119,,
12209120,,
12209121,,
12209122,,
12209123,,
12209124,,
12209125,,
12209126,,
12209128,,
12209167,,
12209242,,
12209299,,
12209491,,
12209492,,
12209493,,
12209494,,
12209495,,
12209496,,
12209497,,
12209498,,
12209499,,
12209500,,
12209501,,
12209502,,
12209503,,
12209504,,
12209505,,
12209506,,
12209507,,
12209508,,
12209509,,
12209510,,
12209511,,
12209512,,
12209513,,
12209514,,
12209515,,
12209516,,
12209517,,
12209518,,
12209519,,
12209520,,
12209521,,
12209522,,
12209523,,
12209524,,
12209525,,
12209526,,
12209527,,
12209528,,
12209529,,
12209530,,
12209531,,
12209532,,
12209533,,
12209534,,
12209535,,
12209536,,
12209537,,
12209538,,
12209539,,
12209540,,
12209541,,
12209542,,
12209543,,
12209544,,
12209545,,
12209546,,
12209547,,
12209548,,
12209549,,
12209550,,
12209551,,
12209552,,
12209553,,
12209554,,
12209555,,
12209556,,
12209557,,
12209558,,
12209559,,
12209560,,
12209561,,
12209586,,
12209602,,
12209603,,
12209604,,
12209605,,
12209606,,
12209607,,
12209608,,
12209609,,
12209610,,
12209611,,
12209612,,
12209613,,
12209614,,
12209615,,
12209616,,
12209617,,
12209618,,
12209619,,
12209620,,
12209621,,
12209622,,
12209623,,
12209624,,
12209625,,
12209626,,
12209627,,
12209628,,
12209629,,
12209630,,
12209631,,
12209632,,
12209638,,
12209639,,
12209640,,
12209641,,
12209642,,
12209643,,
12209644,,
12209645,,
12209646,,
12209647,,
12209648,,
12209649,,
12209650,,
12209651,,
12209652,,
12209653,,
12209654,,
12209655,,
12209656,,
12209657,,
12209659,,
12209660,,
12209682,,
12209683,,
12209684,,
12209685,,
12209686,,
12209687,,
12209688,,
12209689,,
12209690,,
12209691,,
12209692,,
12209693,,
12209694,,
12209695,,
12209696,,
12209697,,
12209703,,
12209704,,
12209705,,
12209706,,
12209710,,
12209712,,
12209715,,
12209716,,
12209717,,
12209718,,
12209719,,
12209720,,
12209721,,
12209722,,
12209723,,
12209724,,
12209725,,
12209726,,
12209727,,
12209728,,
12209729,,
12209730,,
12209731,,
12209732,,
12209733,,
12209734,,
12209735,,
12209736,,
12209737,,
12209738,,
12209739,,
12209740,,
12209741,,
12209742,,
12209743,,
12209744,,
12209745,,
12209746,,
12209747,,
12209748,,
12209749,,
12209750,,
12209751,,
12209756,,
12209757,,
12209758,,
12209759,,
12209760,,
12209761,,
12209762,,
12209763,,
12209764,,
12209765,,
12209766,,
12209767,,
12209768,,
12209769,,
12209770,,
12209771,,
12209772,,
12209773,,
12209774,,
12209775,,
12209776,,
12209777,,
12209778,,
12209779,,
12209780,,
12209781,,
12209782,,
12209783,,
12209784,,
12209785,,
12209786,,
12209787,,
12209788,,
12209789,,
12209790,,
12209791,,
12209792,,
12209793,,
12209794,,
12209795,,
12209796,,
12209797,,
12209798,,
12209799,,
12209800,,
12209801,,
12209802,,
12209803,,
12209804,,
12209805,,
12209806,,
12209807,,
12209808,,
12209809,,
12209810,,
12209811,,
12209812,,
12209813,,
12209814,,
12209815,,
12209816,,
12209817,,
12209818,,
12209927,,
12209928,,
12209929,,
12209930,,
12209931,,
12209932,,
12209933,,
12209934,,
12209935,,
12209936,,
12209937,,
12209938,,
12209939,,
12209940,,
12209941,,
12209942,,
12209943,,
12209944,,
12209945,,
12209946,,
12209947,,
12209948,,
12209949,,
12209950,,
12209951,,
12209952,,
12209953,,
12209954,,
12209955,,
12209956,,
12209957,,
12209958,,
12209959,,
12209960,,
12209961,,
12209962,,
12209963,,
12209964,,
12209965,,
12209968,,
12209970,,
12209971,,
12209972,,
12209973,,
12209974,,
12210001,,
12210007,,
12210008,,
12210068,,
12210069,,
12210070,,
12210071,,
12210101,,
12210102,,
12210103,,
12210105,,
12210106,,
12210109,,
12210110,,
12210111,,
12210112,,
12210160,,
12210161,,
12210252,,
12210253,,
12210254,,
12210255,,
12210256,,
12210257,,
12210258,,
12210259,,
12210260,,
12210261,,
12210262,,
12210263,,
12210264,,
12210266,,
12210267,,
12210268,,
12210276,,
12210277,,
12210279,,
12210280,,
12210301,,
12210337,,
12210389,,
12210390,,
12210391,,
12210392,,
12210393,,
12210394,,
12210395,,
12210396,,
12210397,,
12210398,,
12210399,,
12210400,,
12210401,,
12210402,,
12210403,,
12210404,,
12210405,,
12210412,,
12210414,,
12210415,,
12210416,,
12210417,,
12210418,,
12210419,,
12210420,,
12210421,,
12210422,,
12210423,,
12210424,,
12210425,,
12210426,,
12210427,,
12210428,,
12210429,,
12210430,,
12210498,,
12210860,,
12210870,,
12210879,,
12210880,,
12210881,,
12210882,,
12210883,,
12210884,,
12210885,,
12210886,,
12210887,,
12210888,,
12210889,,
12210890,,
12210911,,
12211254,,
12211255,,
12211320,,
12211321,,
12211322,,
12211323,,
12211324,,
12211325,,
12211326,,
12211327,,
12211328,,
12211329,,
12211330,,
12211331,,
12211332,,
12211333,,
12211334,,
12211335,,
12211337,,
12211380,,
12211394,,
12211395,,
12211396,,
12211397,,
12211398,,
12211399,,
12211400,,
12211401,,
12211402,,
12211418,,
12211452,,
12211453,,
12211485,,
12211486,,
12211487,,
12211523,,
12211524,,
12211525,,
12211526,,
12211527,,
12211528,,
12211529,,
12211530,,
12211531,,
12211532,,
12211533,,
12211534,,
12211535,,
12211536,,
12211537,,
12211538,,
12211539,,
12211540,,
12211541,,
12211542,,
12211543,,
12211547,,
12211548,,
12211550,,
12211551,,
12211552,,
12211553,,
12211554,,
12211555,,
12211556,,
12211557,,
12211558,,
12211559,,
12211560,,
12211561,,
12211562,,
12211563,,
12211564,,
12211565,,
12211566,,
12211567,,
12211568,,
12211569,,
12211570,,
12211571,,
12211572,,
12211573,,
12211574,,
12211575,,
12211576,,
12211577,,
12211578,,
12211579,,
12211597,,
12211598,,
12211599,,
12211600,,
12211601,,
12211602,,
12211603,,
12211604,,
12211663,,
12211700,,
12211764,,
12211765,,
12211767,,
12211768,,
12211769,,
12211770,,
12211771,,
12211772,,
12211773,,
12211774,,
12211775,,
12211776,,
12211777,,
12211778,,
12211779,,
12211780,,
12211781,,
12211782,,
12211783,,
12211784,,
12211785,,
12211786,,
12211787,,
12211788,,
12211789,,
12211790,,
12211791,,
12211792,,
12211793,,
12211794,,
12211795,,
12211796,,
12211797,,
12211798,,
12211799,,
12211800,,
12211801,,
12211802,,
12211803,,
12211804,,
12211805,,
12211806,,
12211807,,
12211808,,
12211809,,
12211877,,
12211900,,
12211901,,
12211902,,
12211903,,
12211904,,
12211921,,
12211922,,
12211923,,
12211924,,
12211925,,
12211927,,
12211928,,
12211930,,
12211931,,
12211932,,
12211933,,
12211934,,
12211936,,
12211937,,
12211938,,
12211939,,
12211940,,
12211942,,
12211943,,
12211945,,
12211947,,
12211948,,
12211949,,
12211950,,
12211951,,
12211952,,
12211967,,
12211968,,
12211969,,
12211970,,
12211971,,
12211972,,
12211978,,
12211979,,
12211980,,
12211981,,
12211982,,
12211983,,
12211984,,
12211985,,
12211986,,
12211987,,
12211988,,
12211989,,
12211990,,
12211991,,
12211992,,
12211993,,
12211994,,
12211995,,
12211996,,
12211997,,
12211998,,
12211999,,
12212000,,
12212001,,
12212002,,
12212003,,
12212004,,
12212009,,
12212011,,
12212014,,
12212015,,
12212019,,
12212020,,
12212021,,
12212022,,
12212023,,
12212024,,
12212025,,
12212026,,
12212033,,
12212034,,
12212068,,
12212076,,
12212077,,
12212078,,
12212080,,
12212087,,
12212106,,
12212107,,
12212127,,
12212201,,
12212202,,
12212203,,
12212204,,
12212205,,
12212206,,
12212207,,
12212208,,
12212209,,
12212210,,
12212211,,
12212212,,
12212213,,
12212214,,
12212215,,
12212216,,
12213156,,
12213192,,
12213206,,
12213412,,
12213458,,
12213459,,
12213460,,
12213482,,
12213483,,
12213484,,
12213486,,
12213803,,
